type,key_area,key_attribute,theme,capability,L1,L2,L3,L4,L5,L6,L7
meta_name,Dairy Plant Operations (L1-L7) - Canonical,,,,,,,,,,
meta_description,"Unified individual-contributor-to-manager career ladder (L1-L7) for a Grade A dairy processing plant, where food-safety, process, and equipment craft and operational leadership advance together from Operator I to Plant Operations Manager.
",,,,,,,,,,
level_title,,,,,Operator I,Operator II,Senior Operator,Lead Operator,Shift Supervisor,Area / Production Manager,Plant Operations Manager
level_scope,,,,,one machine / task under direction,a process area across a shift,multiple process areas,a line / process end to end (IC terminal),a shift crew,a department across shifts,the whole plant
level_focus,,,,,learns the plant and runs a single process area under direction,runs a process area independently across a full shift,"operates multiple areas, troubleshoots, and coaches peers",owns a line end to end and leads the floor without the title - IC terminal,"leads a shift crew and its safety, quality, and output","owns a department across shifts - its people, cost, and performance","owns whole-plant operations, safety, quality, and cost"
skill,Food Safety & Regulatory Compliance,Thermal Process Control,Pasteurization & flow-diversion control,FBM-01,"Depth: Under direction, confirms the flow-diversion device holds forward flow only when temperature is above the cut-in set point and diverts below it; reads the diversion behavior off the recorder; and escalates any diversion that will not clear or any FDD anomaly to a lead.

Evidenced by: States the legal cut-in temperature for the product running.","Depth: Independently controls the flow-diversion function — confirms cut-in and cut-out act at the legal set points, verifies forward flow only above cut-in, and handles routine nuisance diversions and short stops so that only properly treated product advances.

Evidenced by: Clears a routine divert and records its cause unprompted.","Depth: Troubleshoots the common causes of nuisance diversion and failure-to-divert (sensor drift, low product level, restart transients), restores correct divert/forward behavior without compromising the treatment, and coaches operators on FDD behavior and the legal cut-in/cut-out set points.

Evidenced by: Cracks a nuisance-divert pattern others cannot explain.","Depth: Sets the local diversion-control standard — writes the diversion-response procedure others follow, defines the cut-in/cut-out set points and the FDD seal-and-wiring integrity checks at the machine — and is the person called when a diversion won't clear.

Evidenced by: Writes the divert-response procedure the line follows and teaches the chart to new operators.","Depth: Sets the local diversion-control standard — writes the diversion-response procedure others follow, defines the cut-in/cut-out set points and the FDD seal-and-wiring integrity checks at the machine — and is the person called when a diversion won't clear.

Evidenced by: Surfaces crew-wide pasteurization compliance in the shift review.","Depth: Governs flow-diversion control across the plant's thermal lines — owns the FDD test-and-seal regime, the cut-in/cut-out control standard, and the trending that drives out chronic diversions — and sets the competency bar for who is cleared to hold the kill step.

Evidenced by: Drives divert rate down department-wide with a targeted FDD test-and-seal standard.","Depth: Defines flow-diversion-control practice adopted beyond the plant — advances how the divert/forward decision and legal cut-in/cut-out are controlled and safeguarded — and is a reference others in the industry adopt.

Evidenced by: Signs the PMO compliance the plant is inspected against."
skill,Food Safety & Regulatory Compliance,Thermal Process Control,Thermal-process legal limits & records,FBM-02,"Depth: Under direction, records the required time and temperature for the product being run against the posted legal minimum, files the charts and logs completely and legibly, and flags a record that does not show the process was met.

Evidenced by: Reads the required minimum hold temperature off the process record.","Depth: Independently confirms the running process against the correct legal minimum for each product, completes and reconciles the thermal-process records for a shift, and knows which reading proves the process and which does not.

Evidenced by: Catches and reports an out-of-limit hold time without prompting.","Depth: Owns the thermal-process records for a line or area — verifies every batch's record shows the legal minimum was met, resolves gaps and discrepancies before they age, and coaches operators on why a specific time/temperature is the legal floor.

Evidenced by: Defends a borderline record with the supporting evidence.","Depth: Establishes the documented scheduled thermal process and legal minima others run to — sets the record requirements, the review-of-records routine, and what constitutes a defensible batch record — and is the person who signs that a lot's process is proven.

Evidenced by: Sets the recordkeeping standard an inspector can follow end to end.","Depth: Establishes the documented scheduled thermal process and legal minima others run to — sets the record requirements, the review-of-records routine, and what constitutes a defensible batch record — and is the person who signs that a lot's process is proven.

Evidenced by: Signs off the crew's thermal records as inspection-ready.","Depth: Governs the thermal-process-authority program across the plant — owns the process filings and validations, the record-retention and review standard, and the escalation for a shorted process — and defends the minima and records to a regulator or auditor without gaps.

Evidenced by: Closes record gaps before an audit finds them.","Depth: Sets thermal-process-legality practice others adopt — advances how legal minima are established, validated, and documented — and is a recognized authority whose recordkeeping standard is emulated.

Evidenced by: Is the plant's authority on thermal-process legality."
skill,Food Safety & Regulatory Compliance,Food Safety Systems,HACCP plan & CCP monitoring,FBM-03,"Depth: Under direction, monitors an assigned critical control point on schedule, records the reading against its critical limit, and immediately notifies a lead and holds product when a limit is exceeded.

Evidenced by: Knows which step on the line is a CCP.","Depth: Independently monitors the critical control points for a line across a shift, recognizes a deviation as it happens, initiates the documented corrective action, and completes the monitoring and corrective-action records.

Evidenced by: Takes the first corrective action on a CCP deviation without waiting.","Depth: Owns CCP monitoring for an area — verifies monitoring is happening as written, investigates the cause of a deviation, coaches operators on critical limits and corrective actions, and handles the non-routine deviation without a supervisor.

Evidenced by: Judges a borderline CCP reading correctly under pressure.","Depth: Builds the HACCP plan for a process — conducts the hazard analysis, determines the CCPs and critical limits, writes the monitoring and corrective-action procedures others follow, and leads reassessment when the process changes.

Evidenced by: Writes the CCP-monitoring procedure the line runs to and teaches it to the crew.","Depth: Builds the HACCP plan for a process — conducts the hazard analysis, determines the CCPs and critical limits, writes the monitoring and corrective-action procedures others follow, and leads reassessment when the process changes.

Evidenced by: Signs the crew's CCP verification records.","Depth: Governs the HACCP program across the plant — leads the HACCP team, owns validation of critical limits, the verification and reassessment schedule, and the record-review discipline — and drives systemic corrective action from deviation trends.

Evidenced by: Catches a hazard the current plan misses before it reaches product.","Depth: Advances HACCP practice beyond the plant — shapes how hazard analysis and CCP determination are done — and is a recognized authority whose plans and methods others adopt.

Evidenced by: Is accountable for the plant's HACCP validity at audit."
skill,Food Safety & Regulatory Compliance,Food Safety Systems,Preventive controls & PCQI oversight,FBM-04,"Depth: Under direction, carries out an assigned preventive-control monitoring or verification task (a records review, a sanitation verification), records it, and reports the finding to the qualified individual.

Evidenced by: Follows a preventive-control monitoring procedure as written.","Depth: Independently performs the monitoring and verification activities the food-safety plan assigns for a shift or area, completes the records, and recognizes when a preventive control is out of control.

Evidenced by: Reports a preventive-control lapse before it recurs.","Depth: Owns execution of the preventive controls for an area — verifies monitoring and corrective actions are done and documented, runs the routine verification activities, and coaches others on what each preventive control is protecting against.

Evidenced by: Decides correctly whether a preventive control held.","Depth: Serves as a preventive-controls qualified individual for a process — writes and owns the food-safety plan, validates the preventive controls, and defines the verification and corrective-action procedures others follow.

Evidenced by: Writes and validates the line's preventive-control monitoring procedure as its PCQI.","Depth: Serves as a preventive-controls qualified individual for a process — writes and owns the food-safety plan, validates the preventive controls, and defines the verification and corrective-action procedures others follow.

Evidenced by: Holds the crew's food-safety plan current for the shift.","Depth: Governs the preventive-controls program plant-wide — owns the food-safety plan suite, the validation and verification schedule, and the supplier and supply-chain controls — and leads reanalysis on the required cadence and after any change or failure.

Evidenced by: Defines a preventive control other areas adopt.","Depth: Advances preventive-controls practice beyond the plant — shapes how food-safety plans are built, validated, and reanalyzed — and is a recognized qualified authority whose approach others adopt.

Evidenced by: Is the plant's qualified authority on the food-safety plan."
skill,Food Safety & Regulatory Compliance,Contamination Control,Environmental monitoring & pathogen control,FBM-05,"Depth: Under direction, collects environmental swabs at the assigned sites and zones using correct technique, labels and handles samples to preserve integrity, and records the sampling.

Evidenced by: Swabs a Zone 1 site correctly on the sampling map.","Depth: Independently executes the environmental sampling plan for an area across a shift — samples the right zones and sites, maintains zone separation and aseptic technique, and flags a presumptive positive up the chain.

Evidenced by: Executes the presumptive-positive response steps unprompted.","Depth: Owns environmental monitoring for an area — interprets results and trends, drives the vectoring and seek-and-destroy response and intensified sampling on a positive, and coaches operators on hygienic zoning and traffic control.

Evidenced by: Traces a recurring positive to its harborage site.","Depth: Designs the environmental monitoring program for a process — sets the sites, zones, frequencies, and target organisms, defines the corrective-sanitation and investigation procedure others follow, and leads root-cause on a persistent finding.

Evidenced by: Designs the line's environmental-monitoring program: sites, zones, frequencies.","Depth: Designs the environmental monitoring program for a process — sets the sites, zones, frequencies, and target organisms, defines the corrective-sanitation and investigation procedure others follow, and leads root-cause on a persistent finding.

Evidenced by: Closes out the crew's positive findings to negative.","Depth: Governs environmental pathogen control plant-wide — owns the zoning scheme, the program design and its statistical basis, and the escalation and hold criteria — and drives harborage elimination from trend data.

Evidenced by: Redesigns zoning to eliminate a recurring pathogen niche.","Depth: Advances environmental-pathogen-control practice beyond the plant — shapes how zoning, monitoring, and seek-and-destroy are done — and is a recognized authority whose program design others adopt.

Evidenced by: Is accountable for the plant's Listeria-control posture."
skill,Food Safety & Regulatory Compliance,Contamination Control,Allergen control & changeover,FBM-06,"Depth: Under direction, follows the allergen-changeover checklist, performs the segregation and cleaning steps, verifies the correct label and packaging are staged for the product, and records the changeover.

Evidenced by: Confirms the correct label is loaded for the product.","Depth: Independently executes allergen changeovers across a shift — sequences production correctly, performs and confirms the changeover cleaning, checks labels against the product, and recognizes a cross-contact or mislabel risk.

Evidenced by: Completes a validated allergen changeover across the shift alone.","Depth: Owns allergen control for a line or area — verifies changeover effectiveness with the required visual or analytical checks, investigates a suspected cross-contact, and coaches operators on segregation, sequencing, and label control.

Evidenced by: Resequences a run to avoid an allergen conflict.","Depth: Sets the allergen-control standard for a process — defines the segregation, changeover, and validation procedures others follow, validates changeover cleaning, and owns label and packaging control for that area.

Evidenced by: Sets and validates the line's allergen changeover-cleaning procedure.","Depth: Sets the allergen-control standard for a process — defines the segregation, changeover, and validation procedures others follow, validates changeover cleaning, and owns label and packaging control for that area.

Evidenced by: Verifies every crew changeover against the allergen matrix.","Depth: Governs the allergen program plant-wide — owns the allergen matrix, production sequencing, the changeover-validation regime, supplier allergen controls, and label-approval discipline — and drives improvement from incidents and near-misses.

Evidenced by: Eliminates a cross-contact risk by redesigning the production sequence.","Depth: Advances allergen-control practice beyond the plant — shapes how segregation, changeover validation, and labeling control are done — and is a recognized authority whose program others adopt.

Evidenced by: Is accountable for zero undeclared-allergen escapes plant-wide."
skill,Food Safety & Regulatory Compliance,Regulatory & Audit Readiness,PMO & Grade A regulatory recordkeeping,FBM-07,"Depth: Under direction, completes and files the ordinance-required permit and inspection records for the task (CIP records, seal logs, self-inspection checklists) legibly and completely, and flags a missing or non-conforming record.

Evidenced by: Fills a PMO record legibly and completely.","Depth: Independently maintains the PMO records for a shift or area — reconciles charts and logs, ensures the required entries are complete and retained, and recognizes a record that would not stand up to inspection.

Evidenced by: Keeps the area's regulatory log current unprompted.","Depth: Owns PMO recordkeeping for an area — verifies records against the ordinance requirements, prepares for and walks a routine inspection, resolves record gaps, and coaches others on what the ordinance requires and why.

Evidenced by: Reconciles a record discrepancy before the inspector arrives.","Depth: Sets the PMO-compliance standard for the plant's records — defines the recordkeeping, charting, and self-inspection procedures others follow — and interprets the ordinance requirements for the floor.

Evidenced by: Sets and interprets the line's Grade A recordkeeping standard for the floor.","Depth: Sets the PMO-compliance standard for the plant's records — defines the recordkeeping, charting, and self-inspection procedures others follow — and interprets the ordinance requirements for the floor.

Evidenced by: Holds the crew's Grade A records audit-ready every shift.","Depth: Governs Grade A regulatory standing plant-wide — owns the relationship with the regulatory authority, the permit and rating, and the record and inspection system — and drives corrective action to hold the debit score and shipping status.

Evidenced by: Closes a systemic record gap an NCIMS audit would flag.","Depth: Advances PMO / Grade A compliance practice beyond the plant — shapes how ordinance compliance and records are maintained — and is a recognized authority in ordinance interpretation and rating whose approach others adopt.

Evidenced by: Is the plant's signatory for Grade A regulatory standing."
skill,Food Safety & Regulatory Compliance,Regulatory & Audit Readiness,GFSI audit & certification readiness,FBM-08,"Depth: Under direction, gathers the records and evidence requested for an audit element, keeps assigned documents current and retrievable, and reports a gap to the program owner.

Evidenced by: Presents a clean workstation and its records at audit.","Depth: Independently keeps an area audit-ready — maintains the required documentation and evidence for a shift or area, participates in a walkthrough, and answers auditor questions about own work accurately.

Evidenced by: Fields a standard SQF auditor question about their area.","Depth: Owns audit readiness for an area against the certification scheme — self-assesses against the standard, prepares the area and its people for audit, closes routine findings with documented corrective action, and coaches on the requirements.

Evidenced by: Handles a non-conformance question others defer.","Depth: Sets the audit-readiness standard for a process or site element — interprets the GFSI-scheme requirements into procedures others follow, leads the internal-audit and mock-audit routine, and owns root-cause and closure of findings.

Evidenced by: Sets the line's continuous-readiness standard and leads its mock-audit routine.","Depth: Sets the audit-readiness standard for a process or site element — interprets the GFSI-scheme requirements into procedures others follow, leads the internal-audit and mock-audit routine, and owns root-cause and closure of findings.

Evidenced by: Fronts the crew's portion of the certification audit.","Depth: Governs the certification program plant-wide — owns the scheme certification, the management-review and internal-audit system, and hosts the certification-body audit — and drives continuous readiness and systemic closure of findings.

Evidenced by: Drives closure of audit findings into permanent system changes.","Depth: Advances food-safety-certification practice beyond the plant — shapes how GFSI-scheme readiness and auditing are done — and is a recognized authority, as auditor or trainer, whose approach others adopt.

Evidenced by: Is accountable for the plant keeping its certificate."
skill,Food Safety & Regulatory Compliance,Regulatory & Audit Readiness,GMP & personnel hygiene,FBM-09,"Depth: Under direction, follows the GMP and personnel-hygiene rules — handwashing, garment and hairnet, jewelry, glove, and traffic rules — and reports own or others' lapses.

Evidenced by: Enters the process area with correct hygiene and gowning.","Depth: Independently practices and models GMPs across a shift, recognizes a hygiene or GMP lapse on the floor as it happens, corrects it, and completes any required hygiene checks and records.

Evidenced by: Reminds a peer of a GMP rule without being asked.","Depth: Owns GMP conformance for an area — conducts GMP checks, corrects and coaches on hygiene behaviors, investigates recurring lapses, and holds visitors and contractors to the standard.

Evidenced by: Rules on an ambiguous hygiene situation correctly.","Depth: Sets the GMP and hygiene standard for a process — defines the practices, checks, and training others follow — and leads the GMP self-inspection routine for the area.

Evidenced by: Sets the line's hygiene standard and leads its GMP self-inspection.","Depth: Sets the GMP and hygiene standard for a process — defines the practices, checks, and training others follow — and leads the GMP self-inspection routine for the area.

Evidenced by: Holds the crew to the GMP standard visibly.","Depth: Governs the GMP and personnel-hygiene program plant-wide — owns the standards, training, and audit of GMP conformance — and drives a hygiene culture from inspection and incident trends.

Evidenced by: Closes a recurring hygiene gap through a system change.","Depth: Advances GMP and hygiene practice beyond the plant — shapes how good manufacturing practice and hygiene culture are built and enforced — and is a recognized authority whose approach others adopt.

Evidenced by: Is accountable for the plant's GMP foundation at audit."
skill,Process Operations & Control,Receiving & Standardization,Raw milk receiving & grading,FBM-10,"Depth: Follows the receiving checklist under a lead's direction — takes the load temperature, pulls the required sample, records the tanker seal and hauler paperwork, and flags anything out of range instead of unloading.

Evidenced by: Draws a receiving sample by the correct method.","Depth: Runs receiving independently across a shift — reads temperature, sensory (odor/appearance), and antibiotic-screen results, accepts conforming loads, and rejects or holds off-spec milk against the standing acceptance criteria.

Evidenced by: Rejects an out-of-spec load on the antibiotic or temperature screen alone.","Depth: Troubleshoots disputed loads for the bay — resolves ambiguous drug-residue screens with a confirmatory test, judges borderline sensory and temperature calls, traces a rejected load back to source, and coaches new receivers on sampling technique.

Evidenced by: Calls a marginal load correctly on limited evidence.","Depth: Sets the receiving and grading procedure the bay follows — writes the acceptance criteria, sampling plan, and reject/hold decision rules, and calibrates the drug-residue and temperature testing so grading calls are consistent across every operator and shift.

Evidenced by: Writes the accept/reject criteria and sampling plan the floor uses.","Depth: Sets the receiving and grading procedure the bay follows — writes the acceptance criteria, sampling plan, and reject/hold decision rules, and calibrates the drug-residue and temperature testing so grading calls are consistent across every operator and shift.

Evidenced by: Backs the crew's accept/reject calls to suppliers.","Depth: Governs the raw-milk quality program for the department — owns supplier/hauler quality standards and drug-residue monitoring, sets acceptance policy, drives quality feedback to producers, and defends the receiving records in a PMO/Grade A inspection.

Evidenced by: Drives supplier quality up through receiving data.","Depth: Sets raw-milk acceptance and grading practice beyond the plant — defines grading and residue-screening methods other sites adopt and represents the practice in industry and regulatory forums.

Evidenced by: Sets the plant's incoming-milk acceptance policy."
skill,Process Operations & Control,Receiving & Standardization,Separation & standardization,FBM-11,"Depth: Starts, feeds, and shuts down the separator on the checklist under direction; records cream and skim readings and the standardization target, and calls for help when a reading drifts off target.

Evidenced by: Runs the separator to a given cream/skim setpoint.","Depth: Runs separation and standardization independently across a shift — sets and holds the fat/solids target by adjusting separation and blend ratios, and verifies the finished stream to spec by test.

Evidenced by: Hits the standardization target across the shift alone.","Depth: Troubleshoots the separator and standardization loop for the line — corrects poor separation efficiency, off-target fat, and desludge/backpressure problems, reconciles component mass balance, and coaches operators on holding target through feed swings.

Evidenced by: Corrects a persistent fat-target miss others cannot.","Depth: Sets the standardization procedure and targets the line follows — defines the blend calculations, control limits, and verification testing, and dials in separator setup so fat/solids and yield hold consistently across products and operators.

Evidenced by: Sets the standardization blend calculations and control limits the line runs to.","Depth: Sets the standardization procedure and targets the line follows — defines the blend calculations, control limits, and verification testing, and dials in separator setup so fat/solids and yield hold consistently across products and operators.

Evidenced by: Holds crew standardization within target and cost.","Depth: Governs standardization and component recovery for the department — sets the fat/solids specifications and yield/loss targets, drives improvement in separation efficiency and giveaway, and owns the mass-balance accountability.

Evidenced by: Cuts fat giveaway through a tightened method.","Depth: Defines separation and standardization practice beyond the plant — sets component-control and yield methods other sites adopt and advances the practice in industry forums.

Evidenced by: Is accountable for legal composition plant-wide."
skill,Process Operations & Control,Thermal Processing & Homogenization,Thermal processing operation (HTST/HHST/UHT),FBM-12,"Depth: Follows the startup, run, and shutdown checklist on the thermal system under direction — verifies the unit reaches temperature, watches the recording chart and flow, and reports a temperature or flow deviation to the lead rather than continuing to run.

Evidenced by: Performs a water-to-product startup under a lead.","Depth: Operates the HTST/HHST/UHT system independently across a shift — brings it through water-to-product startup and product-to-water shutdown, holds temperature and flow at target through the run, and manages regeneration and normal changeovers to spec.

Evidenced by: Holds pressure balance correct through a full run alone.","Depth: Troubleshoots the thermal system for the line — clears fouling and burn-on and regeneration and pressure-balance faults — recovers the system to production after an upset or stop, and coaches operators through startup and aseptic/sterile handling.

Evidenced by: Extends run length by managing fouling others could not.","Depth: Sets the operating procedure the line runs to — defines the startup/shutdown sequence, run parameters, changeover and run-length limits, and (for UHT/aseptic) the sterility-hold and integrity requirements — so the system runs to product-quality spec at production rate.

Evidenced by: Sets the startup, run, and CIP-out standard for the system.","Depth: Sets the operating procedure the line runs to — defines the startup/shutdown sequence, run parameters, changeover and run-length limits, and (for UHT/aseptic) the sterility-hold and integrity requirements — so the system runs to product-quality spec at production rate.

Evidenced by: Keeps the crew's heat-treatment running legal and stable.","Depth: Governs continuous thermal processing for the department — owns the operating standards and run-length/fouling economics across products and systems, and drives throughput and first-pass-yield improvement across the thermal lines.

Evidenced by: Redesigns a run strategy to raise uptime.","Depth: Defines continuous thermal-processing practice beyond the plant — sets operating and aseptic-integrity methods other sites adopt and advances them in industry and technical forums.

Evidenced by: Sets how the plant operates its heat-treatment fleet."
skill,Process Operations & Control,Thermal Processing & Homogenization,Homogenization & product finishing,FBM-13,"Depth: Runs the homogenizer on the checklist under direction — sets the stage pressures to the sheet, monitors pressure and temperature, and reports abnormal pressure or noise instead of continuing.

Evidenced by: Sets homogenizer pressures to the recipe.","Depth: Operates homogenization and finishing independently across a shift — sets and holds stage pressures for the product, verifies the finished result (fat dispersion/particle target, texture, stability) by the standard check, and manages normal product changes.

Evidenced by: Confirms homogenization efficiency on the shift's product alone.","Depth: Troubleshoots the homogenizer and finishing steps for the line — diagnoses pressure loss, valve/seat wear, cavitation, and off-target texture or separation, restores product structure to spec, and coaches operators on holding the finish through variation.

Evidenced by: Diagnoses a poor-finish batch to the homogenization stage.","Depth: Sets the homogenization and finishing procedure the line follows — defines the pressure/temperature setpoints and verification tests per product that deliver the structure, texture, and stability targets, and standardizes the setup across operators and shifts.

Evidenced by: Sets the pressure/temperature setpoints and verification tests the line runs to.","Depth: Sets the homogenization and finishing procedure the line follows — defines the pressure/temperature setpoints and verification tests per product that deliver the structure, texture, and stability targets, and standardizes the setup across operators and shifts.

Evidenced by: Holds product finish consistent across the crew.","Depth: Governs product structure and finishing for the department — owns the finishing specifications and stability targets, drives improvement in consistency, energy, and rework, and qualifies changes to homogenization for new or reformulated products.

Evidenced by: Improves stability through a revised homogenization standard.","Depth: Defines homogenization and product-finishing practice beyond the plant — sets structure/stability methods other sites adopt and advances the practice in industry forums.

Evidenced by: Sets the plant's homogenization and composition standard."
skill,Process Operations & Control,"Filling, Packaging & Cold Chain",Filling & packaging operation,FBM-14,"Depth: Runs the filling/packaging line on the checklist under direction — loads material, monitors fill and date-code, pulls the routine seal and fill-weight checks, and stops the line and calls the lead on a seal, code, or fill fault.

Evidenced by: Checks fill weight and seal against target.","Depth: Operates the filling and packaging line independently across a shift — holds fill weight, seal integrity, and date/lot coding to spec, performs and records the in-process seal and weight checks, and manages normal size/format changeovers and the associated sanitation.

Evidenced by: Holds fill weight and seal integrity across the shift alone.","Depth: Troubleshoots the filling and packaging line for the area — corrects seal-integrity, fill-weight-variation, coding, and hygienic-fault problems, recovers the line after a jam or contamination event, and coaches operators through changeover and check discipline.

Evidenced by: Recovers a filler from a recurring seal defect others could not.","Depth: Sets the filling and packaging procedure the line follows — defines the fill-weight and seal-integrity control limits, check frequencies, changeover/sanitation steps, and date-code verification others run to, and dials in the line so quality holds across formats and operators.

Evidenced by: Sets the fill-accuracy and seal-integrity control limits for the line.","Depth: Sets the filling and packaging procedure the line follows — defines the fill-weight and seal-integrity control limits, check frequencies, changeover/sanitation steps, and date-code verification others run to, and dials in the line so quality holds across formats and operators.

Evidenced by: Holds crew fill giveaway and seal quality in target.","Depth: Governs filling and packaging for the department — owns seal-integrity, fill-weight (net-content compliance), coding accuracy, and line-sanitation standards, drives OEE and giveaway/rejection improvement, and defends packaging records in audits.

Evidenced by: Cuts giveaway and rejects through a filling standard.","Depth: Defines hygienic filling and packaging practice beyond the plant — sets seal-integrity and net-content methods other sites adopt and advances the practice in industry forums.

Evidenced by: Sets the plant's hygienic-filling standard."
skill,Process Operations & Control,"Filling, Packaging & Cold Chain",Cold chain & finished-goods integrity,FBM-15,"Depth: Follows the cold-chain checklist under direction — records cooler and product temperatures, checks that finished goods move promptly into refrigerated storage, and reports an out-of-range temperature or damaged pallet instead of shipping it.

Evidenced by: Logs a finished-product temperature against the PMO limit.","Depth: Manages finished-goods cold chain independently across a shift — monitors storage and load-out temperatures, enforces stock rotation and hold/release, verifies trailer pre-cool and load integrity at dispatch, and holds product that breaks temperature.

Evidenced by: Acts on a cold-chain excursion before product is at risk.","Depth: Troubleshoots cold-chain and finished-goods integrity for the area — resolves temperature-excursion, rotation, and load-integrity problems, dispositions affected product, traces the cause of a cold-chain break, and coaches on load-out and hold/release discipline.

Evidenced by: Judges product disposition on a temperature excursion correctly.","Depth: Sets the cold-chain and finished-goods procedure the area follows — defines the temperature limits, monitoring points, rotation/FEFO rules, and excursion-disposition criteria from fill through dispatch that others run to.

Evidenced by: Sets the finished-goods temperature limits and rotation/FEFO rules the line holds.","Depth: Sets the cold-chain and finished-goods procedure the area follows — defines the temperature limits, monitoring points, rotation/FEFO rules, and excursion-disposition criteria from fill through dispatch that others run to.

Evidenced by: Keeps the crew's finished goods within temperature to dispatch.","Depth: Governs finished-goods cold-chain integrity for the department — owns the temperature-control and traceability standards from production to shipping, drives shelf-life and shrink/excursion improvement, and defends cold-chain records in audits and customer/regulatory review.

Evidenced by: Closes a recurring excursion point in the flow.","Depth: Defines finished-goods cold-chain practice beyond the plant — sets temperature-integrity and traceability methods other sites adopt and advances the practice in industry forums.

Evidenced by: Is accountable for finished-goods safety plant-wide."
skill,Sanitation & Hygiene,Clean-in-Place,CIP cycle execution & verification,FBM-16,"Depth: Runs the CIP cycle on the checklist under direction — selects the correct circuit/recipe, confirms the cycle steps run, records the time/temperature/concentration readings, and reports a short cycle or missed parameter to the lead.

Evidenced by: Confirms a CIP circuit is connected to the right target.","Depth: Executes and verifies CIP independently across a shift — runs the right circuit, confirms wash time, temperature, chemical concentration, and return flow/coverage met the recipe, and re-cleans or holds equipment when a parameter fails.

Evidenced by: Verifies a completed CIP against its parameters alone.","Depth: Troubleshoots CIP for the area — diagnoses low flow/coverage, temperature or concentration shortfalls, air pockets, and burst-sequence faults, proves cleaning by the verification standard (ATP/visual/rinse), recovers a failed circuit, and coaches operators on CIP verification.

Evidenced by: Traces a CIP failure to a spray path others missed.","Depth: Sets the CIP procedure and acceptance criteria the area follows — defines the circuit recipes, the cycle time, temperature, and flow/coverage parameters, and the verification method and limits that prove each circuit clean; takes the chemical-concentration target from the cleaning-chemistry standard (owned by titration control) rather than setting it, and validates that the cycle actually removes the soil.

Evidenced by: Sets the CIP cycle parameters and verification method the line accepts.","Depth: Sets the CIP procedure and acceptance criteria the area follows — defines the circuit recipes, the cycle time, temperature, and flow/coverage parameters, and the verification method and limits that prove each circuit clean; takes the chemical-concentration target from the cleaning-chemistry standard (owned by titration control) rather than setting it, and validates that the cycle actually removes the soil.

Evidenced by: Signs off the crew's CIP as verified clean.","Depth: Governs the CIP program for the department — owns the cleaning validation and verification standards across circuits, drives improvement in cleaning reliability, water/chemical/energy use, and cycle time, and defends CIP validation and records in audits.

Evidenced by: Re-engineers a circuit to close a cleaning-failure pattern.","Depth: Defines CIP execution and verification practice beyond the plant — sets cleaning-validation and verification methods other sites adopt and advances the practice in industry forums.

Evidenced by: Sets how the plant proves closed equipment clean."
skill,Sanitation & Hygiene,Clean-in-Place,Cleaning chemistry & titration control,FBM-17,"Depth: Performs the titration on the checklist under direction — draws the sample, runs the titration to endpoint, records the concentration, and reports an out-of-range result rather than releasing the solution.

Evidenced by: Runs a titration and reads the concentration correctly.","Depth: Controls cleaning-chemical concentration independently across a shift — titrates wash and sanitizer solutions, adjusts to the target concentration, and matches chemistry, temperature, and contact time to the standard cleaning task.

Evidenced by: Corrects an out-of-range CIP concentration alone.","Depth: Troubleshoots cleaning chemistry for the area — diagnoses why a soil isn't clearing, adjusts chemistry, temperature, and contact time to the soil (protein, mineral, fat, biofilm), corrects drifting titrations and dosing faults, and coaches operators on titration technique.

Evidenced by: Diagnoses a cleaning failure to a chemistry cause others missed.","Depth: Sets the cleaning-chemistry procedure and concentration limits the area follows — defines the chemical selection, target concentrations, titration methods, and time/temperature parameters matched to each soil that others run to, and qualifies changes to chemistry.

Evidenced by: Sets the concentration and titration limits matched to each soil for the line.","Depth: Sets the cleaning-chemistry procedure and concentration limits the area follows — defines the chemical selection, target concentrations, titration methods, and time/temperature parameters matched to each soil that others run to, and qualifies changes to chemistry.

Evidenced by: Holds crew CIP chemistry in range and handled safely.","Depth: Governs cleaning chemistry for the department — owns the chemical program and concentration/titration standards, drives improvement in cleaning effectiveness, chemical cost, and safety, and defends chemical-control and handling records in audits.

Evidenced by: Cuts chemical cost while holding efficacy.","Depth: Defines cleaning-chemistry and titration-control practice beyond the plant — sets soil-matched chemistry and concentration-verification methods other sites adopt and advances the practice in industry forums.

Evidenced by: Sets the plant's chemical-supplier and chemistry standard."
skill,Sanitation & Hygiene,Hygienic Operations,COP & manual sanitation,FBM-18,"Depth: Cleans parts and open surfaces on the checklist under direction — disassembles, runs the COP wash/sanitize steps or manual clean, and reports a part that won't come clean rather than reassembling it.

Evidenced by: Disassembles, washes, and sanitizes a part as instructed.","Depth: Performs COP and manual sanitation independently across a shift — cleans disassembled parts and open equipment to the standard, verifies the result (visual/ATP), and reassembles and sanitizes for use.

Evidenced by: Verifies a manually cleaned surface is hygienic alone.","Depth: Troubleshoots manual and COP sanitation for the area — resolves parts that won't clean, COP-tank time/temperature/concentration problems, and reassembly or re-contamination issues, proves the hygienic result, and coaches operators on disassembly and sanitation technique.

Evidenced by: Cleans a fouled part to spec that defeated others.","Depth: Sets the COP and manual-sanitation procedure the area follows — defines the disassembly, wash/sanitize steps, contact times, and verification acceptance criteria for parts and open surfaces that others run to.

Evidenced by: Sets the manual-clean procedure and verification acceptance criteria the line accepts.","Depth: Sets the COP and manual-sanitation procedure the area follows — defines the disassembly, wash/sanitize steps, contact times, and verification acceptance criteria for parts and open surfaces that others run to.

Evidenced by: Confirms the crew's manual sanitation to a hygienic result.","Depth: Governs the COP and manual-sanitation program for the department — owns the sanitation standards and verification for non-CIP equipment, drives improvement in cleaning reliability and labor, and defends manual-sanitation records in audits.

Evidenced by: Closes a recurring manual-clean miss through a schedule change.","Depth: Defines COP and manual-sanitation practice beyond the plant — sets manual-cleaning and verification methods other sites adopt and advances the practice in industry forums.

Evidenced by: Sets the plant's non-CIP sanitation standard."
skill,Sanitation & Hygiene,Hygienic Operations,Hygienic design & 3-A conformance,FBM-19,"Depth: Checks equipment against a hygienic-design checklist under direction — identifies obvious cleanability problems (dead legs, rough welds, non-drainable low points, unsealed threads) and flags them rather than signing off.

Evidenced by: Points out a cleanability concern on equipment.","Depth: Applies hygienic-design principles independently on routine work — installs and reassembles equipment to drain and self-clean, selects food-contact-legal materials and gaskets, and checks fittings and welds against the hygienic standard before returning to service.

Evidenced by: Flags a non-hygienic connection before it causes a failure.","Depth: Troubleshoots cleanability and harborage for the area — finds why a spot won't clean or a niche harbors organisms, corrects dead legs, cross-contamination points, and poor drainage, and coaches on hygienic installation and reassembly.

Evidenced by: Traces a chronic cleaning miss to a design defect.","Depth: Sets the hygienic-design and installation standard the area follows — specifies the 3-A/EHEDG conformance, material, finish, drainage, and cleanability requirements new and modified equipment must meet, and reviews installations against them before start-up.

Evidenced by: Sets the 3-A conformance requirements new and modified equipment must meet.","Depth: Sets the hygienic-design and installation standard the area follows — specifies the 3-A/EHEDG conformance, material, finish, drainage, and cleanability requirements new and modified equipment must meet, and reviews installations against them before start-up.

Evidenced by: Blocks a non-hygienic install before it runs.","Depth: Governs hygienic design for the department — owns the equipment-design and acceptance standards, drives out harborage and cleanability defects across the process, and defends hygienic-design conformance in audits and equipment procurement.

Evidenced by: Specifies 3-A and EHEDG requirements into capital projects.","Depth: Defines hygienic-design practice beyond the plant — sets cleanability and 3-A/EHEDG conformance methods other sites adopt and advances the practice in standards and industry forums.

Evidenced by: Sets what the plant will and will not install."
skill,"Equipment, Utilities & Reliability",Refrigeration & Steam,Ammonia / CO2 refrigeration operation,FBM-20,"Depth: Reads suction/discharge pressures, temperatures, and oil levels off the machine and logs them on the operator round; starts and stops a compressor and switches defrost under direction, and calls a qualified operator on any alarm or unusual reading.

Evidenced by: Logs suction and discharge readings and flags an anomaly.","Depth: Runs the refrigeration plant across a shift on their own — sequences compressors to load, manages defrost and condenser water, watches suction pressure against the setpoint that protects product temperature, and responds to routine high-discharge, low-suction, and oil-level alarms without escalation.

Evidenced by: Adjusts the system to hold temperature safely alone.","Depth: Troubleshoots the system when temperatures drift — diagnoses a fouled condenser, flooded evaporator, non-condensable buildup, or failing compressor from the readings — trims charge, oil, and purge to hold setpoint efficiently, and coaches shift operators through the plant's normal and abnormal operating states.

Evidenced by: Recovers a refrigeration fault others could not, safely.","Depth: Sets the operating procedures and setpoints others run to — the compressor-sequencing, defrost, purge, and oil-management practice for the plant's areas — tunes the system for energy against a cold-storage and process temperature target, and is the operator called when the plant will not hold temperature.

Evidenced by: Sets the compressor-sequencing, defrost, and purge operating procedure for the system.","Depth: Sets the operating procedures and setpoints others run to — the compressor-sequencing, defrost, purge, and oil-management practice for the plant's areas — tunes the system for energy against a cold-storage and process temperature target, and is the operator called when the plant will not hold temperature.

Evidenced by: Holds the crew's refrigeration within safe, efficient limits.","Depth: Governs refrigeration operation across the plant — the operating envelope, operator qualification, and the reliability and efficiency program for the system — and drives capacity, energy, and charge-reduction improvements defensible against the IIAR standard and the plant's process-safety obligations.

Evidenced by: Improves efficiency through an operating-standard change.","Depth: Sets refrigeration operating practice beyond the plant — the design-to-operate standards, charge-minimization or CO2/low-charge approaches, and operator-competency models other sites and the industry adopt.

Evidenced by: Is accountable for the ammonia system's safe operation plant-wide."
skill,"Equipment, Utilities & Reliability",Refrigeration & Steam,Boiler & steam system operation,FBM-21,"Depth: Records boiler pressure, water level, stack, and feedwater readings on the operator round, performs the directed blowdown and water test, and reports low-water, flame-failure, or pressure alarms to a qualified operator rather than acting alone.

Evidenced by: Records boiler pressure and water level correctly.","Depth: Runs the boiler and steam system across a shift independently — brings a boiler up and off line, holds header pressure to demand, manages feedwater, blowdown, and chemical dosing to the treatment targets, and clears routine burner and level trips safely.

Evidenced by: Manages steam demand safely across the shift alone.","Depth: Troubleshoots the steam system — diagnoses carryover, failing traps, water-hammer, poor combustion, or feedwater-chemistry excursions — restores steam quality and pressure, and coaches operators on safe firing, low-water response, and where culinary-steam requirements apply.

Evidenced by: Corrects a steam-supply problem others could not, safely.","Depth: Sets the boiler operating procedures, water-treatment limits, and steam-quality practice others follow, tunes combustion and condensate return for efficiency against the plant's thermal load, and is the operator called when steam supply or quality is at risk.

Evidenced by: Sets the water-treatment limits and blowdown procedure for the system.","Depth: Sets the boiler operating procedures, water-treatment limits, and steam-quality practice others follow, tunes combustion and condensate return for efficiency against the plant's thermal load, and is the operator called when steam supply or quality is at risk.

Evidenced by: Holds the steam plant safe and to code across the crew.","Depth: Governs boiler and steam operation plant-wide — the operating envelope, water-treatment program, operator qualification, and jurisdictional-inspection readiness — and drives fuel-efficiency, condensate-recovery, and reliability improvements across the utility.

Evidenced by: Cuts fuel cost through an operating-standard change.","Depth: Sets steam-plant operating and efficiency practice beyond the site — heat-recovery, decarbonization, and operator-competency standards other plants and the industry adopt.

Evidenced by: Is accountable for the plant's boiler compliance."
skill,"Equipment, Utilities & Reliability",Maintenance & Reliability,Autonomous & preventive maintenance,SCM-09,"Depth: Records asset data and completes scheduled maintenance tasks under supervision.

Evidenced by: Completes a clean-inspect-lubricate task and reports an abnormality.","Depth: Independently runs routine preventive maintenance and work orders with review.

Evidenced by: Completes preventive work orders on time alone.","Depth: Autonomously diagnoses ambiguous failures and optimizes maintenance strategy for critical assets.

Evidenced by: Calls the fix-now-versus-defer maintenance decision correctly.","Depth: Defines maintenance and reliability methods others adopt and solves failures others can't.

Evidenced by: Sets the PM and clean-inspect-lubricate standard the line runs to.","Depth: Defines maintenance and reliability methods others adopt and solves failures others can't.

Evidenced by: Holds the crew's PM completion and machine ownership up.","Depth: Sets asset-management strategy and anticipates lifecycle and reliability needs ahead.

Evidenced by: Raises uptime through a revised maintenance strategy.","Depth: Defines best-practice asset and reliability management and is externally recognized for it.

Evidenced by: Sets the plant's asset-reliability standard."
skill,"Equipment, Utilities & Reliability",Maintenance & Reliability,Equipment troubleshooting & breakdown recovery,FBM-22,"Depth: Recognizes when a machine is running abnormally and isolates and locks it out under direction; when it fails mid-run, holds the affected in-process product and confirms the opened food-contact surfaces are re-sanitized before the line is restarted.

Evidenced by: Reports a breakdown with the observable symptoms.","Depth: Recovers the common breakdowns on their line within the food-safety window — sequences the repair, re-sanitizes the food-contact path the repair opened, and returns the line to production hygienically — and decides when the fault has put in-process product at risk and it must be held rather than run on.

Evidenced by: Restores a common fault to running alone.","Depth: Runs the breakdown recovery on the hard faults against the production and food-safety clock — sets the re-sanitation and hygienic-restart path once a food-contact system has been opened, makes the product-disposition call on the batch the failure exposed, and coaches operators on recovering a line without compromising the food safety of what restarts.

Evidenced by: Cracks an intermittent fault others could not find.","Depth: Sets the breakdown-recovery-under-food-safety practice others follow — the hygienic-restart and re-sanitation-after-repair steps, the product-disposition rules for a breakdown, and the recovery targets against the production clock — and is the person called when a critical machine is down and product is at risk.

Evidenced by: Sets the hygienic-restart and product-disposition rules the line follows on a breakdown.","Depth: Sets the breakdown-recovery-under-food-safety practice others follow — the hygienic-restart and re-sanitation-after-repair steps, the product-disposition rules for a breakdown, and the recovery targets against the production clock — and is the person called when a critical machine is down and product is at risk.

Evidenced by: Turns a crew breakdown into a countermeasure that holds.","Depth: Governs breakdown-recovery practice across the plant where it couples to food safety — the standard for hygienic restart, re-sanitation-after-repair, and product disposition on a breakdown — and drives mean-time-to-restore against the food-safety and production clock across areas.

Evidenced by: Removes a chronic loss through focused improvement.","Depth: Sets food-plant rapid-recovery practice beyond the site — the hygienic-restart, re-sanitation, and breakdown-disposition standards, and the design-for-hygienic-recoverability methods other food plants and the industry adopt.

Evidenced by: Sets how the plant eliminates recurring failure."
skill,"Equipment, Utilities & Reliability",Utilities & Environmental,Utilities stewardship (water/air/energy),WPL-02,"Depth: Logs maintenance requests and tracks routine tasks following defined procedures.

Evidenced by: Records water, air, and energy readings accurately.","Depth: Manages standard building operations and planned maintenance independently.

Evidenced by: Reports a compressed-air leak or water waste unprompted.","Depth: Resolves complex building failures and optimizes maintenance under operational ambiguity.

Evidenced by: Resolves a utility shortfall others could not.","Depth: Defines maintenance and building-operations standards that other managers adopt.

Evidenced by: Sets the usage and conservation standard the line follows.","Depth: Defines maintenance and building-operations standards that other managers adopt.

Evidenced by: Holds crew utility consumption to target.","Depth: Sets building-operations strategy and anticipates asset-lifecycle and reliability needs.

Evidenced by: Cuts energy cost through an ISO 50001-aligned standard.","Depth: Establishes building-operations practice recognized as the benchmark across the profession.

Evidenced by: Sets the plant's energy and utility strategy."
skill,"Equipment, Utilities & Reliability",Utilities & Environmental,Wastewater & effluent compliance,FBM-23,"Depth: Reads and logs pH, flow, and level on the effluent system, pulls the routine composite or grab sample as directed, doses chemical to setpoint, and reports an out-of-range pH or an upset to a qualified operator.

Evidenced by: Pulls an effluent sample by the correct method.","Depth: Runs the pretreatment system across a shift independently — manages equalization, pH correction, fat/solids removal (e.g. DAF), and chemical dosing to hold effluent within permit — and takes, preserves, and records the self-monitoring samples correctly.

Evidenced by: Corrects a routine pH or loading excursion alone.","Depth: Troubleshoots the effluent train when a parameter drifts toward the limit — traces a BOD, FOG, TSS, or pH excursion back to a plant-side source such as a product dump or CIP slug, corrects it, and coaches operators on load-smoothing and sampling discipline.

Evidenced by: Holds discharge legal through an upset others could not.","Depth: Sets the operating procedures, dosing, and sampling practice for the effluent system, manages the plant to stay inside its permit envelope, and owns the accuracy and completeness of the discharge-monitoring records an inspector will read.

Evidenced by: Sets the dosing and sampling procedure the line meets to hold permit.","Depth: Sets the operating procedures, dosing, and sampling practice for the effluent system, manages the plant to stay inside its permit envelope, and owns the accuracy and completeness of the discharge-monitoring records an inspector will read.

Evidenced by: Keeps the crew's discharge within NPDES limits.","Depth: Governs wastewater compliance plant-wide — the permit relationship, source-reduction and load-management program, and the monitoring-and-reporting system — and drives the improvements that cut discharge strength, surcharge cost, and permit risk.

Evidenced by: Cuts loading to protect the permit through a process change.","Depth: Sets effluent-management practice beyond the site — source-reduction, water-reuse, and resource-recovery approaches and the compliance-operations standards other plants and the industry adopt.

Evidenced by: Is accountable for the plant's discharge permit."
skill,Safety & Process Safety Management,Personal Safety & Energy Control,Lockout/tagout & hazardous energy control,WPL-08,"Depth: Conducts routine safety checks and logs incidents following defined procedures.

Evidenced by: Locks out one energy source correctly and verifies zero energy.","Depth: Manages standard EHS programs and investigations independently within policy.

Evidenced by: Completes a multi-point lockout by the procedure alone.","Depth: Resolves complex safety hazards and ambiguous compliance situations under risk.

Evidenced by: Plans a group lockout for a job others found ambiguous.","Depth: Defines EHS standards and risk-assessment methods that others adopt.

Evidenced by: Sets the energy-control standard the line follows.","Depth: Defines EHS standards and risk-assessment methods that others adopt.

Evidenced by: Stops a task with incomplete lockout before it starts.","Depth: Sets EHS strategy and anticipates emerging hazards and regulatory change.

Evidenced by: Closes a lockout gap through a procedure change.","Depth: Establishes environmental-health-and-safety practice recognized as authoritative across the field.

Evidenced by: Is accountable for zero hazardous-energy incidents plant-wide."
skill,Safety & Process Safety Management,Personal Safety & Energy Control,"Hazard recognition, PPE & permits",WPL-08,"Depth: Conducts routine safety checks and logs incidents following defined procedures.

Evidenced by: Selects and wears the correct PPE for the task.","Depth: Manages standard EHS programs and investigations independently within policy.

Evidenced by: Fills a hot-work or confined-space permit correctly alone.","Depth: Resolves complex safety hazards and ambiguous compliance situations under risk.

Evidenced by: Calls a confined-space entry decision correctly.","Depth: Defines EHS standards and risk-assessment methods that others adopt.

Evidenced by: Sets the permit-to-work standard the line uses.","Depth: Defines EHS standards and risk-assessment methods that others adopt.

Evidenced by: Refuses a permit until the hazard is controlled.","Depth: Sets EHS strategy and anticipates emerging hazards and regulatory change.

Evidenced by: Closes a recurring hazard through a control change.","Depth: Establishes environmental-health-and-safety practice recognized as authoritative across the field.

Evidenced by: Sets the plant's permit-to-work and PPE standard."
skill,Safety & Process Safety Management,Process Safety & Emergency Response,Process safety management (PSM/RMP),FBM-24,"Depth: Follows the covered-process operating procedures as written, completes their part of PSM tasks under direction — operator training sign-off, a mechanical-integrity check, reporting a change rather than making it silently — and knows the process is PSM-covered and why.

Evidenced by: Follows a covered-process operating procedure as written.","Depth: Executes their PSM responsibilities independently — runs to the operating procedures, completes mechanical-integrity inspections and tests on schedule, raises a management-of-change when conditions change, and contributes operating knowledge to a process hazard analysis.

Evidenced by: Completes a mechanical-integrity check and logs it alone.","Depth: Owns PSM elements for the process — keeps operating procedures current and validated, leads or drives closure of PHA and incident-investigation action items, administers MOC so changes are reviewed before they happen, and coaches operators on why the program exists.

Evidenced by: Contributes a real hazard to a process-hazard analysis.","Depth: Sets the plant's PSM practice for the covered process — the PHA schedule and methodology, mechanical-integrity program, MOC and pre-startup-safety-review discipline — and is the reference who makes the program defensible in a compliance audit or after an incident.

Evidenced by: Sets the operating-procedure and management-of-change standard the line follows.","Depth: Sets the plant's PSM practice for the covered process — the PHA schedule and methodology, mechanical-integrity program, MOC and pre-startup-safety-review discipline — and is the reference who makes the program defensible in a compliance audit or after an incident.

Evidenced by: Blocks a change until management-of-change is complete.","Depth: Governs the PSM/RMP program plant-wide — element ownership, compliance-audit and RMP-resubmission cycle, contractor and training requirements, and the metrics that show the program is working — and drives its continuous improvement.

Evidenced by: Closes a hazard-analysis finding into a permanent safeguard.","Depth: Sets process-safety practice beyond the site — program models, leading-indicator and process-safety-culture standards, and covered-process approaches other plants and the industry adopt.

Evidenced by: Is accountable for the covered process's integrity plant-wide."
skill,Safety & Process Safety Management,Process Safety & Emergency Response,Ammonia emergency response & readiness,FBM-25,"Depth: Knows the ammonia alarm, the evacuation and assembly points, and their own role in the emergency plan; on a release recognizes it, evacuates or shelters as trained, and reports to the muster point and accounts for themselves.

Evidenced by: Responds correctly to an ammonia alarm and evacuates.","Depth: Acts correctly and independently in a release — takes the trained initial actions (alarm, isolate if safe, evacuate the area, don assigned PPE), gives clear information to the responders, and knows the boundary of what they may and may not do without the response team.

Evidenced by: Executes their emergency-response duty in a drill alone.","Depth: Leads the response at the scene for the shift — directs evacuation and accountability, isolates the process, briefs arriving responders, and runs their part of the plan calmly, and coaches the crew through drills so they perform under real conditions.

Evidenced by: Isolates a minor leak safely under pressure.","Depth: Runs incident command for an ammonia emergency at the plant — sizes up the release, decides shelter-versus-evacuate and isolation, initiates the required agency notifications, and directs the response — and sets the response procedures and drill standard others follow.

Evidenced by: Sets the release-response and drill standard the line rehearses, running incident command.","Depth: Runs incident command for an ammonia emergency at the plant — sizes up the release, decides shelter-versus-evacuate and isolation, initiates the required agency notifications, and directs the response — and sets the response procedures and drill standard others follow.

Evidenced by: Runs the crew's response and agency notification in a drill.","Depth: Governs emergency-response readiness plant-wide — the emergency-response plan, drill and exercise program, mutual-aid and agency relationships, detection and notification systems, and the after-action process that closes gaps — for the covered process.

Evidenced by: Hardens readiness through drill-driven changes.","Depth: Sets ammonia-emergency-response practice beyond the site — command models, community-coordination and drill standards, and readiness approaches other plants, mutual-aid partners, and the industry adopt.

Evidenced by: Is accountable for the plant's ammonia-release preparedness."
skill,"Leadership, People & Continuous Improvement",People Leadership & Development,Operator training & development,LI-01,"Depth: Receptive to mentoring; shares what they learn.

Evidenced by: Walks a peer through a single task step by step.","Depth: Receptive to mentoring; shares what they learn.

Evidenced by: Onboards a peer to their area with a lead's support.","Depth: Helps onboard teammates; informally mentors juniors.

Evidenced by: Qualifies a new operator on their area unaided.","Depth: Coaches engineers with growth-oriented feedback; measurably improves a team's skill.

Evidenced by: Coaches a struggling operator's specific skill gap until the change is measurable in their output.","Depth: Develops future leads across teams; shapes hiring and onboarding.

Evidenced by: Grooms a crew member into the next Lead Operator and owns the crew's qualification records.","Depth: Develops senior engineers and leaders; builds culture deliberately.

Evidenced by: Builds a capability pipeline other areas adopt.","Depth: Develops the next generation of top talent; legacy outlasts tenure.

Evidenced by: Builds an operator-development system that keeps producing leads after they've moved on."
skill,"Leadership, People & Continuous Improvement",People Leadership & Development,Coaching & performance feedback,EM-01,"Depth: Gathers performance inputs and drafts feedback under a manager's guidance.

Evidenced by: Offers a peer specific, in-the-moment feedback.","Depth: Gathers performance inputs and drafts feedback under a manager's guidance.

Evidenced by: Helps a struggling peer improve on a specific task.","Depth: Runs standard performance cycles and holds direct reports accountable with normal review.

Evidenced by: Turns a peer's recurring miss around through repeatable coaching.","Depth: Independently manages underperformance and difficult cases through to clear resolution.

Evidenced by: Holds a peer accountable constructively before it escalates.","Depth: Defines accountability practices other managers adopt and coaches them through hard cases.

Evidenced by: Owns fair performance feedback for the crew.","Depth: Sets the org's performance philosophy and anticipates systemic accountability gaps.

Evidenced by: Defines the feedback practice other supervisors adopt.","Depth: Defines what fair, effective performance management means and influences the field externally.

Evidenced by: Sets how the plant develops and holds people accountable."
skill,"Leadership, People & Continuous Improvement",People Leadership & Development,Shift leadership & crew coordination,LI-08,"Depth: Recognizes that different people need different support; adjusts approach when prompted by feedback.

Evidenced by: Models the crew's norms and calls out an unsafe act in the moment.","Depth: Recognizes that different people need different support; adjusts approach when prompted by feedback.

Evidenced by: Keeps the area's work moving and reinforces a rule with peers informally.","Depth: Matches direction and support to each person's readiness per task — directing, coaching, supporting, or delegating deliberately — and tells technical problems from adaptive ones.

Evidenced by: Rallies the crew through an upset and calls a stand-down on a real hazard.","Depth: Flexes skillfully across a wide range of people and hard situations without losing a grounded center; refuses to force technical fixes onto adaptive challenges and names the difference.

Evidenced by: Flexes between directing, coaching, and delegating across the line's operators and situations without losing the safety center.","Depth: Coaches other leaders to read what a person, team, or moment needs; adapts across diverse teams while staying recognizably consistent in values.

Evidenced by: Runs the crew day to day and owns its safety and delivery outcomes.","Depth: Develops adaptive leadership as an organizational discipline — leaders diagnose technical-versus-adaptive at scale, and the leadership style changes when the situation does.

Evidenced by: Sets the crew-leadership and behavior-based-safety practice other shifts adopt.","Depth: Shapes an adaptive, grounded leadership culture across an organization — style stays plastic to conditions while values stay fixed; the approach is emulated beyond the organization.

Evidenced by: Is accountable for how the whole plant is led and how safely it runs."
skill,"Leadership, People & Continuous Improvement",Communication & Coordination,Pre-shift huddles & shift handover,CC-01,"Depth: Communicates status clearly; documentation is accurate.

Evidenced by: Hands over their machine's status accurately.","Depth: Writes clear design notes, runbooks and PRs; explains trade-offs without overselling.

Evidenced by: Runs a clean area-to-area handover unprompted.","Depth: Writes clear design notes, runbooks and PRs; explains trade-offs without overselling.

Evidenced by: Flags the one handover item that prevents a downstream miss.","Depth: Writes design docs that drive decisions; translates technical risk for non-technical stakeholders.

Evidenced by: Leads a huddle that sets and decides the line's priorities for the shift.","Depth: Expert at making complex capability/risk legible to executives without dumbing it down; RFCs align orgs.

Evidenced by: Runs the crew huddle and shift-to-shift handover.","Depth: Strategy memos leadership acts on; org-wide and external reach.

Evidenced by: Standardizes a handover format other shifts adopt.","Depth: A clarifying voice at company scale; externally recognized.

Evidenced by: Sets how information flows across the plant's shifts."
skill,"Leadership, People & Continuous Improvement",Communication & Coordination,Escalation & cross-functional coordination,CC-03,"Depth: Responsive to feedback; pairs willingly; asks for help appropriately.

Evidenced by: Raises an issue to the right person promptly.","Depth: Collaborates smoothly with adjacent functions; handles disagreement constructively.

Evidenced by: Coordinates with maintenance or QA to clear a routine issue alone.","Depth: Collaborates smoothly with adjacent functions; handles disagreement constructively.

Evidenced by: Pulls the right functions together to solve a cross-area problem.","Depth: Builds strong cross-team relationships; resolves friction directly.

Evidenced by: Decides when and how the line escalates, and resolves the friction that follows.","Depth: Expert at aligning teams with competing priorities; mediates disputes between senior people.

Evidenced by: Runs the crew's response when a line goes down or a quality hold hits, pulling in maintenance and QA.","Depth: Creates the forums and processes through which collaboration happens.

Evidenced by: Defines the escalation protocol other shifts adopt.","Depth: Builds coalitions at company scale and externally.

Evidenced by: Sets how the plant coordinates in a major event."
skill,"Leadership, People & Continuous Improvement",Continuous Improvement & Cost,OEE & loss elimination,SCM-07,"Depth: Performs defined production tasks and records output under supervision.

Evidenced by: Logs a downtime reason accurately against the run.","Depth: Independently runs standard production lines, handling routine variation with review.

Evidenced by: Names the shift's biggest loss from the OEE data alone.","Depth: Autonomously manages complex production with ambiguous disruptions, holding output and quality.

Evidenced by: Recovers measurable OEE by eliminating a specific loss.","Depth: Defines production-operations methods others adopt and resolves problems others can't.

Evidenced by: Sets the OEE and loss-tracking standard the line runs to.","Depth: Defines production-operations methods others adopt and resolves problems others can't.

Evidenced by: Drives the crew's OEE up against a target.","Depth: Sets manufacturing-operations strategy and anticipates how production capability must evolve.

Evidenced by: Removes a systemic loss other areas adopt the fix for.","Depth: Defines best-in-class manufacturing operations and is externally recognized for it.

Evidenced by: Sets the plant's OEE and improvement agenda."
skill,"Leadership, People & Continuous Improvement",Continuous Improvement & Cost,Root-cause problem solving,SUP-05,"Depth: Gathers incident details and documents findings for a reviewer to analyze.

Evidenced by: Documents a problem's details for analysis.","Depth: Independently runs root-cause analysis on standard recurring problems with normal review.

Evidenced by: Completes a basic 5-Why to a plausible root cause alone.","Depth: Untangles ambiguous, systemic root causes and is the go-to for elusive recurring issues.

Evidenced by: Cracks a systemic root cause others could not find.","Depth: Defines the problem-management methodology others adopt and cracks the hardest root causes.

Evidenced by: Sets the root-cause standard the line uses.","Depth: Defines the problem-management methodology others adopt and cracks the hardest root causes.

Evidenced by: Confirms a crew countermeasure actually held.","Depth: Sets problem-management strategy and anticipates systemic failures before they recur.

Evidenced by: Prevents a class of failure before it recurs.","Depth: Defines how the discipline practices root-cause management and shapes industry approaches.

Evidenced by: Sets how the plant permanently removes problems."
skill,"Leadership, People & Continuous Improvement",Continuous Improvement & Cost,Production scheduling & changeover,SCM-08,"Depth: Updates schedules and logs shop-floor status from given inputs under guidance.

Evidenced by: Executes a changeover step by the SMED sheet.","Depth: Independently builds routine production schedules and manages standard sequencing with review.

Evidenced by: Completes a routine changeover to time alone.","Depth: Independently builds routine production schedules and manages standard sequencing with review.

Evidenced by: Rebalances the run to protect on-time output.","Depth: Autonomously schedules under volatile constraints, rebalancing the floor to hold commitments.

Evidenced by: Sets the changeover and sequencing standard the line uses.","Depth: Defines scheduling and control methods others adopt and resolves the hardest sequencing problems.

Evidenced by: Holds crew changeover times and schedule to target.","Depth: Sets shop-floor scheduling strategy and anticipates how control systems must evolve.

Evidenced by: Cuts changeover loss through an SMED standard other shifts adopt.","Depth: Defines leading production-scheduling practice for the field and is sought externally for it.

Evidenced by: Sets how the plant schedules and changes over."
skill,"Leadership, People & Continuous Improvement",Continuous Improvement & Cost,"Cost, labor & budget ownership",EM-06,"Depth: Tracks spend and processes vendor invoices under guidance.

Evidenced by: Logs yield and labor data accurately for the shift.","Depth: Tracks spend and processes vendor invoices under guidance.

Evidenced by: Points out a waste or overtime driver on their area.","Depth: Manages a team budget and standard vendor relationships with normal review.

Evidenced by: Cuts a controllable cost on the floor unprompted.","Depth: Independently controls budgets under pressure and negotiates difficult vendor terms.

Evidenced by: Sets the yield and labor-efficiency standard the line runs to.","Depth: Defines budget and vendor practices others adopt and rescues failing vendor relationships.

Evidenced by: Manages the crew to its labor and cost targets.","Depth: Sets org-wide budget and vendor strategy and anticipates cost and supplier risks.

Evidenced by: Drives a labor-variance improvement other areas adopt.","Depth: Defines exemplary budget and vendor management for the field and influences practice.

Evidenced by: Is accountable for the plant's operations P&L."
