type,key_area,key_attribute,theme,capability,P1,P2,P3,P4,P5,P6
meta_name,"Product Manager (IC Product Track, P1-P6) - Canonical",,,,,,,,,
meta_description,"Canonical six-level IC product-track ladder from Associate PM to Distinguished PM / Head of Product Craft, consolidated by union from five independent sources; P3 Senior PM is the terminal level.",,,,,,,,,
level_title,,,,,Associate Product Manager,Product Manager,Senior Product Manager,Staff/Group Product Manager,Principal Product Manager,Distinguished PM / Head of Product Craft
level_scope,,,,,one feature/epic,a product area,a product/capability (terminal level),multiple product areas,product organization,company portfolio
level_focus,,,,,Learns the craft; ships well-defined slices with guidance,Runs discovery-to-delivery independently for an area,Owns outcomes for a product; sets the bar others copy,Aligns strategy and craft across several product teams,Sets product direction and practice the org builds against,Shapes portfolio bets and the company's product craft
skill,Product Discovery & User Research,Continuous Discovery,Customer interviewing,PM-01,"Depth: Runs customer interviews from a prepared story-based guide and captures verbatim notes, asking follow-up questions that pull specific past behavior rather than opinions; debriefs findings with their lead. Scope: interviews recruited for one feature or epic.","Depth: Maintains a weekly interviewing cadence without being told to, writing their own discussion guides, avoiding leading questions, and turning each session into snapshots teammates actually read. Scope: continuous touchpoints across their product area.","Depth: Runs the interviewing practice for their product - builds the recruiting pipeline, brings engineers and designers into sessions, and redirects interviews that drift into feature-request collection back to behavior. Scope: their product/capability; teammates cite their interview snapshots in decisions.",Depth: Teaches interviewing so visibly that other teams' guides and snapshot formats trace back to them; sits in on other PMs' sessions and gives technique-level feedback. Scope: interviewing practice across multiple product areas.,"Depth: Installs the org's interviewing infrastructure - recruiting panels, consent and incentive norms, snapshot repositories - and audits whether teams' customer contact is real or theater. Scope: product org.",Depth: Sets the company's standard for customer contact and argues it externally in talks or writing that practitioners cite. Scope: company portfolio; executives quote customer evidence in the register this person established.
skill,Product Discovery & User Research,Continuous Discovery,Discovery cadence & habits,PM-01,"Depth: Keeps discovery activities visible on the team board - interviews scheduled, assumptions listed, findings logged - and follows the cadence the team has set. Scope: their epic's discovery tasks.","Depth: Runs discovery and delivery in parallel without stalling either - the team ships weekly and talks to customers weekly, and standups show both tracks moving. Scope: the discovery rhythm of their area.","Depth: Sustains the discovery habit through pressure - deadlines, exec pushes, re-orgs - and visibly renegotiates scope rather than silently dropping customer contact. Scope: a product's discovery culture; their cadence is the example cited to new teams.","Depth: Audits discovery health across teams from artifacts and calendars, names which teams have quietly stopped learning, and gets the habit restarted. Scope: multiple product areas.","Depth: Designs the operating rhythm that makes discovery the default - planning rituals, review gates, and funding rules that assume continuous learning. Scope: product org.","Depth: Holds the company accountable to discovery at the portfolio level, challenging major investments that lack recent customer evidence in front of executive audiences. Scope: company portfolio."
skill,Product Discovery & User Research,Synthesis & Customer Modeling,Opportunity mapping,proposed:2026-07-opportunity-mapping-framing,"Depth: Sorts interview evidence into needs, pain points, and desires on an existing opportunity map, distinguishing an opportunity from a solution when asked to label one. Scope: contributes nodes to a map their lead owns.","Depth: Builds and maintains the opportunity solution tree for their area, sizing branches with evidence counts and pruning opportunities no interview supports. Scope: their product area; the tree is the artifact planning meetings open with.","Depth: Frames the target opportunity space against the product outcome and defends why one branch is being pursued over its siblings, naming the evidence and the trade-off. Scope: their product; adjacent teams borrow the map to see where their work intersects.","Depth: Reconciles opportunity maps across teams into a shared structure, exposing duplicate bets and gaps between areas that no single team could see. Scope: multiple product areas.","Depth: Makes opportunity mapping the org's default synthesis method, reviewing trees in strategy checkpoints and rejecting solution-first proposals that skip the structure. Scope: product org.","Depth: Shapes how the company represents customer needs at portfolio level, connecting opportunity structures to corporate strategy in artifacts the executive team plans against. Scope: company portfolio."
skill,Product Discovery & User Research,Synthesis & Customer Modeling,Research synthesis & insight,PM-01,"Depth: Tags and clusters interview notes into themes using the team's synthesis method, and can point to the specific quotes behind each theme. Scope: synthesis for one feature's research.","Depth: Turns a batch of interviews, tickets, and usage data into a ranked set of underserved needs with the supporting evidence attached, and presents it without over-claiming. Scope: synthesis their area's decisions cite.",Depth: Integrates qualitative and quantitative evidence into insight documents that change what the team builds; peers checking their synthesis find the chain from quote to claim intact. Scope: insight base for a product; other teams cite their write-ups.,"Depth: Spots contradictions between teams' research conclusions and forces reconciliation - same customers, conflicting claims - until the shared evidence base is consistent. Scope: multiple product areas share one coherent picture of the customer.","Depth: Builds the org's insight infrastructure - repositories, tagging conventions, and synthesis reviews - so findings compound across teams instead of evaporating per project. Scope: product org.","Depth: Distills company-wide customer understanding into the few durable insights executives and boards reason from, and retires folklore that no longer survives the evidence. Scope: company portfolio."
skill,Product Discovery & User Research,Synthesis & Customer Modeling,Customer segmentation & personas,PM-02,"Depth: Uses the team's personas and segments correctly in specs and interview recruiting - names which persona a story serves, and flags work that serves no one in particular. Scope: one epic's user definitions.","Depth: Keeps their area's personas and segments evidence-based - refreshes them from interview and usage data, splits a segment when behavior diverges, and retires personas that no longer match observed users. Scope: their product area's segmentation.","Depth: Chooses the target segment for their product deliberately and defends it - names who the product is not for, sizes segments with data, and maps the end-to-end journey per segment so gaps become visible. Scope: their product; design and marketing build from their segment definitions.",Depth: Reconciles segment and persona models across teams so the portfolio addresses one coherent map of users rather than overlapping caricatures. Scope: multiple product areas.,"Depth: Owns the org's customer model - the shared segmentation the org plans, staffs, and measures against - and audits products for segment drift. Scope: product org.",Depth: Defines how the company sees its market's customers - the segment map used in company strategy and board materials - and updates it ahead of market shifts. Scope: company portfolio.
skill,Problem Definition & Validation,Problem Framing,Problem statements & outcome framing,proposed:2026-07-problem-framing-outcome-definition,"Depth: Writes a one-page problem statement naming the user, the struggle, and the evidence - and separates the problem from the requested feature when a stakeholder hands them a solution. Scope: one epic.","Depth: Frames work as outcomes the team can move (""reduce time-to-first-value"") rather than outputs to ship, and rewrites incoming feature requests into the underlying problem before triage. Scope: their product area's backlog.","Depth: Sets the outcome their product is accountable for and keeps the team pointed at it, publicly re-framing efforts that drift into output-counting. Scope: their product; the problem framing survives their absence in planning docs.","Depth: Arbitrates problem framing across teams - spots when two areas are solving the same problem differently or optimizing conflicting outcomes, and reconciles the framing. Scope: multiple product areas.",Depth: Defines the outcome architecture of the product org - how team-level outcomes ladder to product-level results - and retires vanity outcomes that don't. Scope: product org.,"Depth: Frames the company's hardest, most ambiguous product problems - the ones with no owner - into tractable outcome statements executives fund. Scope: company portfolio."
skill,Problem Definition & Validation,Problem Framing,Jobs-to-be-done framing,proposed:2026-07-jobs-to-be-done-analysis,"Depth: Restates a feature request as the job the customer is hiring it for, including the circumstance and the progress sought, with coaching on the functional/emotional/social split. Scope: individual requests on one feature.","Depth: Maps the main jobs in their area from interview evidence, identifying what customers currently hire (including non-consumption and workarounds) and where those hires fail. Scope: their product area.","Depth: Anchors their product's definition and boundaries in its core job, using the job to rule scope in or out and to identify non-obvious competitors. Scope: their product; the job statement appears in the team's strategy doc, in their words.","Depth: Aligns job maps across areas into one view of customer progress, exposing where the portfolio makes customers stitch products together to finish one job. Scope: multiple product areas.","Depth: Uses jobs analysis to shape org-level portfolio choices - which jobs the org serves end-to-end, which it exits - in documents the leadership team debates from. Scope: product org.",Depth: Frames company strategy in jobs terms that reveal disruption threats and adjacent-market entries before the market makes them obvious. Scope: company portfolio.
skill,Problem Definition & Validation,Assumption Testing & Validation,Assumption mapping & risk framing,proposed:2026-07-assumption-mapping-discovery-testing,"Depth: Lists the assumptions behind their epic and sorts them by importance and evidence, using the four-risks lens with coaching. Scope: one epic's risk map.","Depth: Identifies the riskiest assumption before any build starts and says so in planning, choosing what to test first rather than testing what is easiest. Scope: their area's bets.",Depth: Surfaces the assumptions others treat as facts - in their own bets and in reviews of others' - and kills initiatives whose load-bearing assumptions fail. Scope: a product's risk discipline; their pre-mortems are copied.,"Depth: Standardizes how multiple teams express and rank risk so bets are comparable across areas, and challenges cross-team initiatives carrying untested compound assumptions. Scope: multiple product areas.",Depth: Builds risk review into the org's investment process - big funding asks arrive with assumption maps or go back - and calibrates the org's risk appetite explicitly. Scope: product org.,"Depth: Stress-tests portfolio bets' foundational assumptions in executive forums, naming the belief that would have to be true and what evidence exists for it. Scope: company portfolio."
skill,Problem Definition & Validation,Assumption Testing & Validation,Assumption testing & experiments,proposed:2026-07-assumption-mapping-discovery-testing,"Depth: Builds simple tests - fake-door links, clickable prototypes, concierge runs - from a design someone else specified, and logs what was learned. Scope: one assumption at a time.","Depth: Chooses the test type that matches the assumption - prototype for usability, painted door for demand, Wizard of Oz for feasibility - and defines pass/fail before launching it. Scope: their area's assumption tests.","Depth: Designs test sequences that retire the most risk per week of effort, and rejects tests whose result couldn't change the decision. Scope: a product; their test designs are the examples in onboarding.","Depth: Unblocks teams whose experiments keep coming back inconclusive, redesigning the test rather than rerunning it bigger. Scope: multiple product areas.","Depth: Builds the org's testing toolkit - reusable painted-door infrastructure, prototype panels, templates - dropping the cost of a first test to hours. Scope: product org.","Depth: Designs validation for bets too big to A/B - new markets, pricing models, platforms - using staged commitments and falsifiable milestones. Scope: company portfolio."
skill,Problem Definition & Validation,Assumption Testing & Validation,Prototype & solution testing,proposed:2026-07-assumption-mapping-discovery-testing,"Depth: Runs moderated tests of an existing prototype from a task script, noting where users struggle without explaining the design to them. Scope: usability of one feature.","Depth: Pairs with design to build the right-fidelity prototype for the question at hand and iterates it between test rounds, reporting what changed and why. Scope: solution tests across their product area.","Depth: Chooses the testing method by risk - prototype, Wizard-of-Oz, live-data test - and calls when the evidence is sufficient to commit to build. Scope: their product; design partners treat them as a peer in test planning.","Depth: Reviews other teams' solution tests before major commitments and catches tests that can only confirm, never falsify. Scope: multiple product areas.","Depth: Builds the org's prototyping-and-testing muscle - tooling, research-ops support, fidelity norms - so testing before building is the cheap default everywhere. Scope: product org.","Depth: Represents test-before-build as company doctrine, defending the practice when executive pressure pushes for committed roadmaps without evidence. Scope: company portfolio."
skill,Product Strategy & Vision,Strategy & Positioning,Product strategy formulation,PM-04,Depth: Explains their team's strategy in their own words and connects their epic's work to it when asked. Scope: consumes strategy for one epic.,"Depth: Derives their area's priorities from the product strategy explicitly, writing them down as choices - what they are doing and what they are explicitly not - and flags work that doesn't serve it. Scope: a product area.","Depth: Writes the strategy for their product - a diagnosis, a guiding policy, and the coherent bets - and defends the kill-list it implies in front of the stakeholders who asked. Scope: owns strategy for a product; the team quotes the strategy when declining work.","Depth: Writes strategies other PMs adopt as the frame for their own areas, and reviews area strategies for incoherence between diagnosis and bets. Scope: multiple product areas.","Depth: Shapes the product org's strategy - where to concentrate, what to starve - in documents leadership funds against. Scope: product organization.","Depth: Co-authors company strategy from the product side, and the portfolio's shape reflects arguments they made. Scope: company portfolio."
skill,Product Strategy & Vision,Strategy & Positioning,Positioning & differentiation,PM-04,"Depth: States who the product is for, what it replaces, and why it wins in two sentences consistent with the team's positioning canvas. Scope: describes their feature's value accurately.","Depth: Maintains the positioning for their area - target segment, competitive alternatives, differentiated value - and flags when a proposed feature blurs it. Scope: a product area's positioning artifacts.","Depth: Repositions a product deliberately when the market shifts, running the analysis of alternatives and trade-offs in writing; marketing builds messaging from their positioning work. Scope: a product; sales and marketing treat their positioning doc as source of truth.","Depth: Keeps positioning coherent across a product family, resolving where products in the portfolio overlap, undercut, or contradict each other in-market. Scope: multiple product areas.",Depth: Sets the org's differentiation strategy - which capabilities the org will be known for and which it deliberately concedes - and holds roadmaps to it. Scope: product org.,Depth: Positions the company itself - category creation or category redefinition arguments that analysts and competitors respond to. Scope: company portfolio and market narrative.
skill,Product Strategy & Vision,"Vision, Roadmaps & Goals",Product vision narrative,PM-06,"Depth: Retells the product vision accurately and uses it to answer ""why are we building this"" for their epic. Scope: one epic.","Depth: Connects their area's roadmap to the vision in planning docs, noticing when proposed work leads away from it, and aligns their team and stakeholders behind it. Scope: a product area.","Depth: Writes a vision narrative (visiontype, storyboard, or press-release-style doc) that teams reference months later when making local decisions. Scope: a product's vision; engineers and designers cite it unprompted.","Depth: Crafts vision artifacts that align several products toward one future, resolving contradictions between area visions before they become shipped contradictions. Scope: multiple product areas.","Depth: Owns the product org's north-star narrative and refreshes it when the diagnosis changes, visibly retiring the old one. Scope: product organization.","Depth: Articulates the company's product future in narratives used for recruiting, fundraising, and board alignment. Scope: company portfolio."
skill,Product Strategy & Vision,"Vision, Roadmaps & Goals",Outcome-based roadmapping,PM-05,"Depth: Keeps their epic's roadmap entry current - status, confidence, what was learned - and explains to stakeholders why items are time-horizoned rather than dated. Scope: one epic's slice of the roadmap.","Depth: Builds their area's roadmap around outcomes with now/next/later horizons and explicit confidence levels, resisting stakeholder pressure to convert it into a promise list. Scope: their product area.","Depth: Runs the roadmap as a strategic negotiation - trades scope against outcomes with leadership, and shows in review how roadmap changes trace to discovery evidence. Scope: their product; sales and CS plan against their roadmap without being burned.","Depth: Aligns roadmaps across areas into a coherent sequence, surfacing cross-team dependencies and outcome conflicts before they collide in delivery. Scope: multiple product areas.","Depth: Owns the org's roadmap process - cadence, format, confidence language - and defends outcome framing when executives ask for date certainty the evidence can't support. Scope: product org.","Depth: Presents the portfolio roadmap to boards and top customers as a strategy narrative, and sets the company norm for what roadmaps do and don't commit. Scope: company portfolio."
skill,Product Strategy & Vision,"Vision, Roadmaps & Goals",Goal setting & OKRs,PM-06,"Depth: Writes measurable key results for their epic that describe user/business change rather than shipping (""activation +5pts"" not ""launch onboarding""), with review. Scope: one epic's goals.","Depth: Sets their area's quarterly OKRs and grades them honestly at quarter end, separating ""we shipped it"" from ""it worked"" in the retro. Scope: their product area.","Depth: Negotiates their product's goals up and down the ladder - pushes back on cascaded targets the evidence can't support, and re-scopes mid-quarter when a key result is learned to be wrong. Scope: their product; their goal reviews are where the team's real trade-offs get made.","Depth: Reviews goal quality across teams, catching output-dressed-as-outcome and metrics teams can't actually influence, and coaches the rewrite. Scope: multiple product areas.",Depth: Designs the org's goal architecture - how product OKRs ladder to company results without becoming a cascade of fiction - and runs the calibration where conflicts get resolved. Scope: product org.,"Depth: Shapes company-level objectives and the discipline around them, holding the line on measurable outcomes at the executive table. Scope: company portfolio."
skill,Data & Analytics,Metrics & Behavioral Analysis,Success metrics & KPI design,PM-10,"Depth: Defines success and guardrail metrics for their feature before build starts and states how each will be instrumented, distinguishing a vanity count from an actionable rate with guidance. Scope: one feature's metric set.","Depth: Owns their area's metrics tree - how feature metrics roll to the area's north-star input - and retires metrics that move without meaning anything. Scope: their product area's dashboard, which they built or specified.","Depth: Designs the metric their product is judged by and defends its trade-offs (gameability, lag, proxy distance from value) when leadership wants a friendlier number. Scope: their product; other functions report against metrics this person defined.","Depth: Reconciles metric definitions across teams so ""activation"" means one thing everywhere, and reviews new metrics for perverse incentives before they ship. Scope: multiple product areas.","Depth: Sets the org's measurement standards - north-star framework, guardrail policy, instrumentation quality bar - and audits whether dashboards reflect reality. Scope: product org.","Depth: Defines how the company measures product success at portfolio level, connecting product metrics to financial outcomes in models the CFO's team uses. Scope: company portfolio."
skill,Data & Analytics,Metrics & Behavioral Analysis,Funnel & behavioral analysis,PM-10,"Depth: Pulls their own funnel and retention numbers using the analytics stack, and describes what the data shows without inferring cause from correlation. Scope: their feature's usage data.","Depth: Runs cohort and segmentation analyses that locate where their area leaks value, and pairs the quantitative ""where"" with qualitative ""why"" before proposing fixes. Scope: a product area's behavioral picture.","Depth: Catches analytical traps in their own and others' analyses - survivorship, seasonality, mix shifts, Simpson's paradox - and their read of ambiguous data settles debates. Scope: a product; teams bring them analyses for sanity-checking.","Depth: Traces customer journeys across product boundaries, quantifying cross-product friction no single team's dashboard shows. Scope: multiple product areas.",Depth: Sets the org's analytical standards and self-serve tooling priorities so teams answer their own questions correctly without a data-science queue. Scope: product org.,"Depth: Reads portfolio-level behavioral shifts early - usage patterns that presage churn, expansion, or disruption - and gets the company to act on them. Scope: company portfolio."
skill,Data & Analytics,Experimentation & Decision Quality,A/B test design & analysis,PM-11,"Depth: Writes a test plan with hypothesis, primary metric, and minimum sample worked out with an analyst, and waits for the pre-agreed end date before reading results. Scope: one feature's experiments.","Depth: Designs and ships their own A/B tests correctly - power calculation, guardrail metrics, no peeking, no post-hoc metric shopping - and writes up null results as findings. Scope: their area's experiment pipeline.","Depth: Catches invalid experiments before decisions get made on them - SRM, novelty effects, interaction between concurrent tests - and knows when an A/B test is the wrong instrument entirely. Scope: a product's experimentation quality; they are the reviewer of record for others' test designs.","Depth: Audits experiment practice across teams, catching cherry-picked segments and re-run-until-significant patterns, and standardizes the readout format others adopt. Scope: multiple product areas.","Depth: Builds the org's experimentation culture and platform requirements - institutional memory of past results, meta-analysis of what interventions work - so learning compounds. Scope: product org.","Depth: Sets company policy on evidence standards for product decisions, including where experimentation is mandatory and where judgment rightly overrides it. Scope: company portfolio."
skill,Data & Analytics,Experimentation & Decision Quality,Decision quality under uncertainty,LI-04,"Depth: Writes down the options considered and the reasoning before a decision, and distinguishes a bad outcome from a bad decision in retros, with prompting. Scope: decisions within one epic.","Depth: States confidence levels and reversibility when deciding - moves fast on two-way doors, slows down on one-way doors - and keeps a decision log the team consults. Scope: their product area's calls.","Depth: Runs decision-making the team trusts under pressure: names the disconfirming evidence, invites the strongest counter-argument, and changes course publicly when wrong. Scope: their product; escalations come to them because their reasoning is legible, not because of their title.","Depth: Reviews other PMs' consequential decisions pre-commitment, surfacing sunk-cost and confirmation patterns, and their decision-record format spreads across teams. Scope: multiple product areas.","Depth: Designs the org's decision mechanisms - who decides what, at what evidence bar, with what escalation path - and runs pre-mortems on the biggest bets. Scope: product org.","Depth: Is the judgment of last resort on company-level product calls, brought into ambiguous, high-stakes decisions precisely because their reasoning record is public and audited. Scope: company portfolio."
skill,Execution & Delivery,Prioritization & Trade-offs,Prioritization & sequencing,PD-02,"Depth: Orders their epic's backlog with stated reasoning - value, urgency, dependency - and updates the order when facts change rather than defending it. Scope: one epic's backlog.","Depth: Prioritizes across their whole area using an explicit method (cost of delay, RICE, or similar) and shows the math when stakeholders challenge the order. Scope: a product area's backlog.",Depth: Prioritizes across incommensurables - debt vs. features vs. compliance vs. bets - with written trade-off reasoning that stakeholders accept even when they lose. Scope: a product; their prioritization write-ups are the template others use.,"Depth: Sequences investment across teams, moving scope between teams when the portfolio-level ordering demands it, with the displaced team's agreement on record. Scope: multiple product areas.",Depth: Shapes the org's resource allocation logic - the explicit framework by which the org funds run/grow/transform - and defends it through planning cycles. Scope: product org.,"Depth: Influences portfolio-level capital allocation, making the economic case for which products get funded, harvested, or killed. Scope: company portfolio."
skill,Execution & Delivery,Prioritization & Trade-offs,Scope-cutting & trade-offs,PD-01,"Depth: Proposes which parts of their feature can ship later without breaking the core job, and writes the cut list with what's lost by each cut, for their lead to decide. Scope: one feature.","Depth: Cuts scope decisively when timelines slip - protects the outcome-critical path, defers the rest, and tells affected stakeholders before they find out. Scope: their product area's releases.","Depth: Negotiates three-way trade-offs (scope, time, quality) with engineering as a peer, distinguishing an MVP that tests the hypothesis from a demo that fakes it, and refusing quality cuts that mortgage the roadmap. Scope: their product; engineering leads seek their trade-off call rather than working around them.","Depth: Untangles trade-offs that span teams - where one area's cut breaks another's launch - and sets the shared definition of ""minimum"" for cross-area releases. Scope: multiple product areas.","Depth: Sets the org's norms for scope discipline - MVP standards, quality floors, cut-decision authority - and intervenes when a flagship effort is bloating toward a death march. Scope: product org.",Depth: Makes the company-level calls on scope of ambition - when to ship the narrow wedge versus the platform play - in bets the whole portfolio sequences around. Scope: company portfolio.
skill,Execution & Delivery,Building with the Team,Product trio partnership,CC-03,Depth: Brings problems and evidence to engineers and designers early - not finished specs - and incorporates their feasibility and usability pushback into the plan visibly. Scope: one feature team.,"Depth: Runs a working trio: engineers join discovery calls, designers see strategy context, and technical constraints reshape the product approach rather than getting escalated as blockers. Scope: their product area's team.","Depth: Builds a team engineers and designers ask to join - shares full business context, defends the team's discovery time, creates the safety for the best idea to win regardless of whose it was, observably in decision records. Scope: their product; their trio is cited internally as how it should work.","Depth: Repairs dysfunctional PM-engineering-design relationships on other teams, diagnosing whether the failure is context-starvation, requirement-throwing, or trust, and coaching the fix. Scope: multiple product areas.","Depth: Shapes the org's team model - how trios form, what empowerment means operationally, how tech-debt time is protected - in norms engineering and design leadership co-sign. Scope: product org.","Depth: Sets the company's bar for how product, engineering, and design work together, arguing the empowered-team model at the executive level when delivery pressure pushes toward feature factories. Scope: company portfolio."
skill,Execution & Delivery,Building with the Team,"Requirements, specs & acceptance criteria",PM-07,"Depth: Writes user stories with acceptance criteria that engineers implement without re-asking the basics, and keeps the spec updated as decisions land. Scope: one epic's spec.","Depth: Writes one-pagers and PRDs that lead with the customer problem and success measures, covering edge cases and non-goals; the build raises design questions, not intent questions. Scope: their area's definition docs.",Depth: Writes specs that de-risk before build - working-backwards narratives whose FAQ answers the hard questions first - and their review comments on others' specs prevent rework. Scope: a product; their spec format is the team standard.,Depth: Sets definition standards across teams and reviews cross-team specs for interface gaps - the places where two teams' documents silently disagree. Scope: multiple product areas.,"Depth: Owns the org's definition bar - what ""ready to build"" means org-wide - and their document reviews are the org's quality gate for major initiatives. Scope: product org.",Depth: Writes the founding documents for portfolio bets - the PR/FAQ or narrative that greenlights a new product line - with a hit rate the company trusts. Scope: company portfolio.
skill,Execution & Delivery,Building with the Team,Backlog & delivery flow,PM-08,"Depth: Keeps their epic's stories small, ordered, and ready two sprints ahead, and answers ""what's next and why"" without opening the tool. Scope: one epic's backlog.","Depth: Maintains a story map that shows the release strategy at a glance, slices releases thin, runs the team's planning rituals cleanly, and watches WIP and cycle time with the team. Scope: their area's delivery flow.","Depth: Diagnoses delivery problems from flow data - batch size, queue buildup, aging WIP - and fixes the system rather than pushing the team; their story maps anchor multi-quarter plans. Scope: a product's delivery system; other PMs copy their mapping sessions.","Depth: Untangles cross-team delivery dependencies - shared components, sequencing, integration risk - before they surface as slips. Scope: multiple product areas.","Depth: Improves the org's end-to-end flow - the idea-to-live lead time - by changing planning and handoff mechanics, with before/after numbers. Scope: product org.","Depth: Removes company-scale delivery drag - the portfolio-level process, tooling, or structure that slows every team - with executive backing they built. Scope: company portfolio."
skill,Execution & Delivery,Building with the Team,Technical & design fluency,LI-06,Depth: Follows the team's technical discussions and asks clarifying questions that show the homework was done - understands the platform's basic architecture and can tell deliberate design from decoration. Scope: one epic's technical and design context.,"Depth: Understands the architecture and dependencies of their area well enough to anticipate implementation challenges - raises security, scalability, and migration questions before engineers have to, and gives design feedback designers act on. Scope: their product area's stack and surfaces.","Depth: Holds their own in architecture and design trade-off discussions - understands the cost drivers and constraints of the systems their product rides on, spots when a proposed solution fights the architecture, and dogfoods builds critically. Scope: their product; engineers bring them options early because the conversation is worth it.","Depth: Bridges technical constraints across teams - catches when one area's roadmap assumes capabilities another team's architecture can't deliver, and translates platform trade-offs into product terms for other PMs. Scope: multiple product areas.",Depth: Keeps the org's product decisions technically honest - represents platform realities in org planning and raises other PMs' technical fluency through review and teaching. Scope: product org.,"Depth: Frames company-level technology inflections in product terms - platform shifts, build/buy - reliably enough that executives act on the translation, while deferring deep technical authority to engineering leaders. Scope: company portfolio."
skill,Execution & Delivery,Launch & Iteration,Launch management & readiness,PM-09,"Depth: Runs the launch checklist for their feature - flags, docs, support notes, comms - and staffs the first-day triage, escalating what they can't resolve. Scope: one feature launch.","Depth: Plans and runs launches for their area end-to-end: rollout stages, success/rollback criteria decided in advance, and every dependent function briefed before go-live. Scope: their product area's launches.","Depth: Owns launch calls under pressure - go/no-go, ramp pace, rollback - with criteria set before emotions run, and runs the post-launch review that feeds the next iteration. Scope: their product; other teams copy their launch-readiness template.","Depth: Coordinates launches that span teams and products, sequencing dependencies and owning the integrated go/no-go where no single team can. Scope: multiple product areas.","Depth: Sets the org's launch discipline - readiness standards, ramp policy, review practice - and is the escalation point for the launches with company-level blast radius. Scope: product org.",Depth: Owns company-defining launches - the ones with board visibility and market coverage - and sets the standard for what the company considers launch-ready. Scope: company portfolio.
skill,Execution & Delivery,Launch & Iteration,Post-launch iteration & lifecycle,PM-10,"Depth: Tracks their feature's post-launch metrics against the targets set pre-launch and reports the gap honestly, proposing the first follow-up fix. Scope: one feature's first iterations.","Depth: Budgets iteration capacity into every launch plan and runs the loop - measure, diagnose, fix, re-measure - until the feature hits its outcome or is deliberately parked. Scope: their product area.","Depth: Makes the persevere/pivot/kill call on their product's bets on the evidence rather than sunk cost, and sunsets features with a migration plan, resisting the portfolio-of-zombies default. Scope: their product; the deprecation they ran is the template others use.","Depth: Audits post-launch follow-through across teams, surfacing launched-and-abandoned features and getting iteration capacity re-protected. Scope: multiple product areas.","Depth: Manages lifecycle at org level - which products get investment, maintenance, or end-of-life - with criteria applied consistently enough that teams predict the outcome. Scope: product org.","Depth: Makes the company's hardest lifecycle calls - killing revenue-bearing products, betting through the J-curve - with reasoning the executive team adopts. Scope: company portfolio."
skill,"Business, Market & Go-to-Market",Business Fluency,Business model & unit economics,PD-07,"Depth: Explains how their product makes money - who pays, for what, through which motion - and traces how their feature touches cost or revenue, with coaching. Scope: one feature's business context.","Depth: Builds simple business cases for their area's bets - revenue or cost impact, rough unit economics - and sanity-checks them with finance before pitching. Scope: their product area.","Depth: Owns the viability case for their product: models how bets affect margin, CAC/LTV, or retention economics, and kills their own proposals when the economics don't clear. Scope: their product; finance treats their models as credible inputs.","Depth: Pressure-tests business cases across teams, catching double-counted revenue and hockey-stick assumptions before they reach leadership. Scope: multiple product areas.",Depth: Connects the org's product strategy to the P&L - which products drive growth versus margin - in analyses the business planning cycle runs on. Scope: product org.,"Depth: Shapes the company's business model evolution - monetization shifts, platform economics, new revenue lines - at the level the CFO and CEO debate. Scope: company portfolio."
skill,"Business, Market & Go-to-Market",Business Fluency,Pricing & packaging,PM-12,"Depth: Knows their product's pricing and can state which plan gates their feature, and flags when a build decision would leak paid value into free. Scope: one feature's packaging context.","Depth: Raises willingness-to-pay questions during discovery, bringing upgrade/downgrade and win/loss signals into roadmap discussions, and flags when a feature belongs in a different tier than assumed. Scope: their product area's packaging fit.","Depth: Drives a pricing or packaging change for their product - research, value-metric modeling, migration plan - in partnership with pricing owners as a peer. Scope: a product's monetization; pricing changes in their area don't happen without them in the room.","Depth: Resolves packaging conflicts between products (bundling, gating, tier coherence) so the catalog makes sense to buyers, and reviews new packaging for cannibalization. Scope: multiple product areas.","Depth: Shapes the org's monetization strategy - pricing metric, tier architecture, discount posture - with research and modeling leadership funds decisions from. Scope: product org.",Depth: Sets company-level pricing philosophy - how the company captures the value it creates - in frameworks that persist across individual pricing decisions. Scope: company portfolio.
skill,"Business, Market & Go-to-Market",Market & Domain Insight,Competitive & market analysis,PM-03,"Depth: Produces a current, accurate comparison of how named competitors solve their feature's problem, from hands-on use of the competitor products where possible. Scope: one feature's competitive slice.","Depth: Maintains a living competitive view for their area - releases tracked, win/loss notes read, sales anecdotes verified against evidence - and separates competitor moves worth responding to from noise. Scope: their product area.","Depth: Reads the market structurally for their product - substitutes, adjacent entrants, disruption vectors, not just feature parity - and their competitive assessments visibly shape the strategy doc. Scope: their product; sales asks them for the competitive narrative, not the reverse.",Depth: Synthesizes market intelligence across areas into portfolio-level threat and opportunity calls other PMs plan against. Scope: multiple product areas.,Depth: Owns the org's market thesis - where the market is going and how the org wins there - updated on evidence and defended in planning. Scope: product org.,"Depth: Anticipates industry shifts at company level - platform transitions, business-model disruptions - early enough for the portfolio to reposition, in analyses the board sees. Scope: company portfolio."
skill,"Business, Market & Go-to-Market",Market & Domain Insight,Domain & industry fluency,proposed:2026-07-domain-industry-fluency,"Depth: Learns the domain deliberately - shadows customers, reads the industry sources, asks engineers how the system actually works - and stops needing the glossary. Scope: their epic's domain slice.","Depth: Answers most domain questions in refinement without deferring, corrects domain errors in specs and designs, and understands the operational challenges of the products they run. Scope: their product area's domain.","Depth: Is the recognized domain reference for their product - customers, field teams, and engineers check facts with them - and spots domain-driven risks others miss. Scope: a product's domain.","Depth: Connects domain knowledge across areas, catching where one team's roadmap violates another domain's constraints (regulatory, workflow, ecosystem). Scope: multiple product areas.","Depth: Represents the company's domain understanding externally - industry forums, customer advisory boards, analyst briefings. Scope: product org.",Depth: Anticipates domain evolution - where the industry's workflows and rules are heading - and seeds the portfolio for it. Scope: company portfolio.
skill,"Business, Market & Go-to-Market",Go-to-Market Partnership,GTM planning & partnership,PM-09,"Depth: Delivers accurate launch inputs to GTM teams - what changed, who it's for, what to say - on their timeline, using the team's launch template. Scope: their feature's GTM inputs.","Depth: Runs launch readiness for their area with marketing, sales, and support - tiering the launch, agreeing the bill of materials, confirming enablement landed before GA. Scope: a product area's launches.","Depth: Plans GTM as part of product strategy, not an afterthought - segment-specific whole-product gaps identified in discovery, channel fit argued in the spec; GTM partners treat them as a peer planner. Scope: a product's route to market.","Depth: Aligns GTM motions across products sold together - shared plays, coherent bundles, one story to the same buyer. Scope: multiple product areas.","Depth: Shapes the org's GTM model jointly with sales and marketing leadership - PLG vs. sales-led boundaries, launch tiering standards, readiness gates. Scope: product org.","Depth: Architects company-level GTM shifts - new channels, new buyer motions - tied to portfolio strategy and carried through executive planning. Scope: company portfolio."
skill,"Business, Market & Go-to-Market",Go-to-Market Partnership,Field feedback & enablement,PM-14,"Depth: Works support tickets and sales notes for their feature into the backlog with the underlying problem stated, not the ticket verbatim. Scope: their feature's field signal.","Depth: Runs a regular loop with sales and support for their area - win/loss notes, top-ticket themes, deal-blocker reviews - and closes the loop by telling the field what shipped because of them. Scope: a product area's feedback system.","Depth: Filters field pressure into strategy without being captured by it - separates the loudest deal from the pattern, says no to one-off asks in writing, and maintains reference customers who co-develop. Scope: a product's field relationship; sales leadership trusts their no.","Depth: Builds shared field-signal infrastructure across teams - one win/loss taxonomy, one escalation path - so patterns spanning products become visible. Scope: multiple product areas.","Depth: Designs the org's field-to-product operating loop - councils, SLAs on responses, evidence standards for deal-driven asks. Scope: product org.",Depth: Keeps the company's biggest customer relationships strategically productive - executive briefing programs and co-innovation loops that inform portfolio bets without hijacking them. Scope: company portfolio.
skill,"Communication, Influence & Craft Leadership",Communication,Product narratives & written communication,CC-01,"Depth: Writes clear, structured updates and one-pagers - one idea per paragraph, conclusion visible early - that readers act on without a follow-up meeting. Scope: their epic's documents.","Depth: Writes narratives that carry decisions - the six-pager or one-pager that a review reads silently and then debates on substance, not on what the author meant. Scope: their area's decision documents.","Depth: Writes documents that move people who weren't in the room - strategy narratives forwarded beyond their audience, quoted in others' plans; their edits make colleagues' drafts decision-ready. Scope: a product; their documents are the team's writing exemplars.","Depth: Raises writing quality across teams through review - narrative standards, document templates, and edit passes that measurably shorten decision cycles. Scope: multiple product areas.","Depth: Authors the org's canonical documents - the strategy, the operating doc, the annual narrative - that stay accurate enough to be load-bearing. Scope: product org.","Depth: Writes artifacts with company-level and external reach - vision papers, keynote narratives, published essays - that shape how the market and the company describe the strategy. Scope: company portfolio and industry."
skill,"Communication, Influence & Craft Leadership",Communication,Executive communication,CC-06,"Depth: Presents their epic's status in three sentences - situation, risk, ask - and answers executive follow-ups with data or an honest ""I'll find out"" rather than improvising. Scope: their epic in team-level reviews.","Depth: Runs their own slot in leadership reviews: leads with the decision needed, anticipates the two hardest questions, and follows up in writing on every commitment made. Scope: their product area's reviews.","Depth: Handles hostile or high-pressure executive sessions without ceding the evidence - corrects a senior leader's wrong premise respectfully in the room, and converts vague executive direction into concrete, confirmable decisions. Scope: their product; leadership asks for them by name when their area is on the agenda.","Depth: Preps other PMs for executive moments - reviews their materials, red-teams the questions - and represents multi-team positions where no single PM has the full picture. Scope: multiple product areas.","Depth: Operates as a standing counterpart to the executive team, shaping how product information reaches them and pushing decision authority back down when executives grab it. Scope: product org.","Depth: Communicates for the company - board sessions, analyst briefings, keynote narratives - with the credibility that the message and the product reality match. Scope: company portfolio."
skill,"Communication, Influence & Craft Leadership",Stakeholder Influence,Stakeholder alignment & expectations,PM-13,"Depth: Keeps their stakeholders current without being chased - status, risks, and changes communicated before anyone has to ask. Scope: their epic's stakeholders.",Depth: Maps their area's stakeholders and pre-wires decisions - the meeting confirms alignment built one-on-one beforehand; surprises are rare and owned fast. Scope: a product area's stakeholder set.,"Depth: Aligns stakeholders with conflicting interests around decisions that hold - disagreements surfaced early, trade-offs written down, and re-litigation declined by pointing at the record. Scope: a product; executives name them as the PM whose commitments they trust.","Depth: Brokers alignment across organizational seams - between product areas, or between product and adjacent functions - where no one owns the whole decision. Scope: multiple product areas.",Depth: Maintains durable trust with the executive stakeholder set - the standing credibility that lets the org make bold moves without escalation storms. Scope: product org.,"Depth: Aligns board-level and cross-company stakeholders on portfolio direction, absorbing and resolving the conflicts that would otherwise fragment strategy. Scope: company portfolio."
skill,"Communication, Influence & Craft Leadership",Stakeholder Influence,Saying no & negotiation,CC-05,"Depth: Routes new requests through the team's intake instead of quietly absorbing them, and tells requesters what happens next. Scope: one epic's intake.","Depth: Declines requests with the reasoning attached - what it competes with, what evidence would reopen it - so a ""no"" informs rather than deflects. Scope: a product area.",Depth: Says no to powerful people and keeps the relationship - the exec whose pet feature was declined still sponsors the product - because the strategy behind the no is visible and consistent. Scope: a product's demand boundary.,Depth: Backs other PMs' hard nos - reinforcing the strategic rationale when a declined stakeholder shops the request elsewhere - and negotiates cross-team conflicts to a resolution both sides execute. Scope: multiple product areas.,"Depth: Sets the org's intake and escalation norms so nos are consistent and appealable through one path, and the org visibly does fewer, bigger things. Scope: product org.",Depth: Declines whole categories of opportunity at company level - the market not entered - with reasoning the company can repeat. Scope: company portfolio.
skill,"Communication, Influence & Craft Leadership",Product Craft Leadership,Mentoring & coaching PMs,LI-01,"Depth: Seeks feedback concretely and applies it visibly - asks ""what would you have done differently,"" and the next artifact shows the change; helps onboard newer peers with honest ""what I wish I'd known"" context. Scope: their own growth plus one peer at a time.","Depth: Mentors an APM or new PM on real work - reviews their docs before meetings, debriefs their calls - improving the mentee's output measurably without doing it for them. Scope: one or two mentees in their orbit.","Depth: Develops the PMs around them as a working habit - structured feedback on strategy docs, shared interview reps, honest gap conversations - and mentees can name specific skills they got from this person. Scope: PMs on and adjacent to their product; a recognized mentor without any reporting line.","Depth: Runs deliberate craft development across teams - coaching plans, skill assessments, PM community sessions - and managers route struggling PMs to them for craft coaching. Scope: multiple product areas' PM population.","Depth: Builds the org's PM development system - competency expectations, onboarding curriculum, senior-PM readiness bar - and personally develops the next generation of craft leaders. Scope: product org.","Depth: Develops product leaders the industry recognizes, and their coaching frameworks outlive their tenure - used by people they never met. Scope: company portfolio and the external craft community."
skill,"Communication, Influence & Craft Leadership",Product Craft Leadership,Raising the craft bar,LI-03,"Depth: Adopts the team's craft standards fast and flags gaps in them - the missing checklist item, the template that confuses - instead of working around them silently. Scope: their own work meets the bar.","Depth: Contributes reusable craft artifacts - a better interview guide, a sharper spec template - that at least one other PM adopts unprompted. Scope: their team's practice.","Depth: Sets the local bar by example and review - their discovery notes, specs, and analyses are the ones held up as ""this is what good looks like,"" and their reviews pull others up to it. Scope: a product; the terminal-level craftsperson others calibrate against.","Depth: Exports practice deliberately across teams - running craft reviews, writing playbooks, and getting discovery or writing standards adopted by teams that don't report anywhere near them. Scope: multiple product areas.","Depth: Owns the org's product craft agenda - decides which practices to standardize vs. leave local, retires cargo-cult process, and measures whether the bar actually moved. Scope: product org.","Depth: Defines product craft beyond the company - published methods, talks, and internal canon that other companies borrow; the company's product reputation is partly their work. Scope: company portfolio and industry."
skill,"Communication, Influence & Craft Leadership",Product Craft Leadership,Hiring & interviewing PMs,LI-02,Depth: Interviews candidates for intern and APM roles with a prepared rubric and writes evidence-based feedback that separates observation from verdict. Scope: interview loops they join.,"Depth: Runs strong interviews for PM roles - probes for craft with real-work questions, calibrates scores against the rubric - and their written feedback is specific enough to be decisive in debriefs. Scope: their area's hiring loops.","Depth: Anchors PM hiring loops - designs interview questions that expose craft rather than polish, spots coached answers, and their hire/no-hire calls hold up over time. Scope: their product's hiring; hiring managers ask for them on close calls.","Depth: Calibrates the PM interview bar across teams - trains interviewers, audits question quality, and reworks loops that pass confident performers and fail quiet builders. Scope: multiple product areas' hiring.","Depth: Designs the org's PM hiring system - competency-based loops, debrief norms, onboarding handoff - and the org's hiring quality is visibly their work. Scope: product org.","Depth: Sets the company's bar for product talent - the hiring philosophy and craft standards that shape who the company hires and attracts, cited by candidates as why they joined. Scope: company portfolio."
