type,key_area,key_attribute,theme,capability,E1,E2,E3,E4,E5,E6
meta_name,"Platform Engineer (IC Technical, E1-E6) - Canonical",,,,,,,,,
meta_description,"Canonical six-level IC ladder for platform engineering, consolidated by union from five independent same-methodology generations; E3 Senior is the terminal level.",,,,,,,,,
level_title,,,,,Associate Platform Engineer,Platform Engineer,Senior Platform Engineer,Staff Platform Engineer,Senior Staff Platform Engineer,Principal Platform Engineer
level_scope,,,,,task,component,capability / domain (terminal level),multiple teams,organization,company
level_focus,,,,,Learns the platform and ships well-defined tasks with guidance,Owns platform components end to end and unblocks internal users independently,Owns a platform capability as a product; terminal level,Shapes platform architecture and adoption across multiple teams,Sets platform strategy and standards for the engineering organization,Sets company-wide platform direction and technical bets
skill,Platform as a Product,Product Discovery & Feedback,Internal user research,PM-01,"Depth: Shadows platform users and sits in on interviews and support rotations, writing up the friction they hit - reproduces a reported pain point end to end before proposing a fix, and asks users clarifying questions rather than assuming intent. Scope: observations feed a single task or bug report.","Depth: Runs structured interviews and support-channel reviews with the internal engineers using their component, turning raw notes into ranked friction lists the team acts on. Distinguishes what users say from what their workflow shows. Scope: the feedback loop for one component.","Depth: Designs and runs the discovery process for a capability - recurring user touchpoints, journey maps, and a friction backlog that visibly drives the roadmap. Separates what users ask for from the workflow problem underneath and shows the evidence for the difference. Scope: all internal users of a platform capability.","Depth: Synthesizes research across several product teams into shared personas and friction maps other platform teams adopt, and coaches engineers on interview and synthesis technique instead of letting them guess. Scope: research practice spanning multiple platform teams.","Depth: Establishes the organization's standing platform research practice - instrumented feedback loops, research repositories, and a cadence leaders cite in planning. Scope: how the whole platform organization learns about its users.","Depth: Represents the internal developer experience at company level, bringing longitudinal user evidence that redirects company-scale platform investment. Scope: company-wide developer population."
skill,Platform as a Product,Product Discovery & Feedback,Adoption & success metrics,PM-10,"Depth: Pulls and charts existing adoption and usage numbers accurately when asked, and explains what each metric does and does not show. Scope: metrics for a single feature or task.","Depth: Instruments their component with adoption, retention, and satisfaction signals and reviews them in team rituals, spotting when a launch quietly failed to land. Scope: one component's metric set.","Depth: Defines the success metrics for a capability - voluntary adoption, time-to-onboard, retention, satisfaction - and kills or reworks features the numbers say are not earning use. Explicitly distinguishes mandated usage from chosen usage in reporting. Scope: a capability's product scorecard, reviewed with its internal customers.","Depth: Standardizes how several platform teams measure adoption so their numbers compose, and uses cross-team funnels to find where users leak off the paved road. Challenges vanity metrics in other teams' reviews. Scope: comparable measurement across multiple teams.",Depth: Owns the organization's platform scorecard - the small set of adoption and developer-outcome metrics leadership steers by - and ties platform investment cases to it. Scope: organization-level platform health.,"Depth: Frames platform value in company terms - delivery performance, engineering cost, risk - and defends or redirects company-scale investment with that evidence. Scope: company investment decisions."
skill,Platform as a Product,Platform Strategy & Scope,Thinnest viable platform,OPS-31,"Depth: Checks for an existing tool, service, or open-source option before writing new code and asks whether a proposed task is needed by a real user, citing the request that motivates it. Scope: their own task queue.","Depth: Proposes wrapping or configuring an existing service instead of building new when it meets the need, writing the comparison down and defending the removal of unused features. Scope: build-versus-reuse choices in one component.","Depth: Keeps a capability at its thinnest viable size - makes explicit build-buy-adopt decisions with documented reasoning, scopes to the thinnest version that serves proven demand (often a wrapper, a template, or documentation rather than new software), and retires surface area that no longer earns its maintenance cost. Scope: a capability's whole footprint.","Depth: Arbitrates overlap and sprawl between platform teams - merging duplicate offerings, cutting under-used surface, and setting the bar for what deserves to be platform at all. Scope: portfolio boundaries across multiple teams.",Depth: Shapes the organization's platform boundary - what the platform will and will not own versus product teams and vendors - and retires whole offerings whose maintenance cost exceeds their leverage. Scope: the organization's platform portfolio.,"Depth: Keeps the company's platform ambition honest - publicly weighing platform build-out against buying, adopting open source, or doing nothing, in principles executives reference. Scope: company build/buy/retire posture."
skill,Platform as a Product,Platform Strategy & Scope,Platform roadmap & prioritization,PM-05,Depth: Explains why their current task is on the roadmap and which named internal customer it serves; flags when a task seems disconnected from user need. Scope: their own task queue.,Depth: Sequences their component's backlog by user impact - writes short proposals that weigh demand evidence against effort and negotiates scope with their lead. Scope: one component's roadmap.,"Depth: Owns the roadmap for a platform capability - balances new features, migrations, deprecations, and operational debt with explicit trade-off reasoning, and says no to requests with a documented rationale that users accept. Scope: a capability across its customer teams.",Depth: Aligns roadmaps across platform teams - surfaces collisions and gaps between team plans and brokers the sequencing that unblocks shared bets. Scope: multi-team planning cycles.,"Depth: Drives the platform organization's investment strategy - the annual plan's biggest items trace to cases they built, including the ones that redirect headcount. Scope: organization.","Depth: Sets multi-year platform direction for the company - decides which capabilities the company builds, buys, or retires, and the bets hold up over years. Scope: company-wide."
skill,Platform as a Product,Developer Experience,Golden paths & paved roads,OPS-27,"Depth: Follows the golden path as a real user would and reports exactly where it breaks - files precise friction reports against templates, docs, and starter kits. Scope: their own use of the paved road.","Depth: Builds and maintains golden-path assets for their component - templates, scaffolding, and starter repos kept working, current, and tested - and fixes path breakages users report within the team's SLA. Scope: one segment of the paved road.","Depth: Designs a golden path for a whole use case end to end - from repo creation to production - that a new team completes without hand-holding, with visible escape hatches that are not the default. Makes the paved road easier than the workaround rather than mandating it, and tracks completion rates and drop-off points. Scope: the default path for every team using the capability.","Depth: Reconciles golden paths across teams into coherent journeys, deciding where paths diverge legitimately versus where fragmentation is accidental, and reviews new paths before launch. Scope: the portfolio of paths across multiple platform teams.","Depth: Defines the organization's paved-road strategy - which paths exist, what support each tier gets, and how off-road teams re-board - and drives the long tail of snowflake systems onto supported paths. Scope: organization-wide path portfolio.","Depth: Makes the paved road the company default by economics and quality, not policy - visible in most new services starting on-path without a mandate. Scope: company-wide engineering practice."
skill,Platform as a Product,Developer Experience,Cognitive load reduction,OPS-32,"Depth: Names the exact docs, errors, and setup steps that forced them to understand internals a user should not need, and files concrete simplification issues. Scope: workflows they personally execute.","Depth: Reduces the concepts and steps a user must hold to use their component - collapsing configuration, defaulting decisions, rewriting errors to say what to do next - and shows the before/after. Scope: one component's user-facing surface.",Depth: Designs a capability's abstractions around what users must not have to know - a first-time user succeeds without reading internals - measuring load with time-to-first-success and support-ticket themes and treating regressions as defects. Scope: a capability's entire developer-facing surface.,"Depth: Audits cognitive load across team boundaries - quantifies onboarding time, concepts-to-learn, and ticket themes - and drives the cross-team simplifications no single team could make. Scope: workflows spanning multiple platform teams.","Depth: Makes cognitive load a first-class organizational measure - sets load budgets for what a product team must and must not need to know to ship, and vetoes platform designs that externalize complexity onto product teams. Scope: the platform organization's whole surface area.","Depth: Shapes company technology and team-boundary choices explicitly around team cognitive load, arguing in writing for fewer, deeper abstractions over sprawling optionality. Scope: company operating model."
skill,Platform Software Engineering,Design & Architecture,Platform system design,SWE-05,"Depth: Explains the platform's architecture in their own words and navigates its diagrams to find the code that matters for a task; implements designs specified by others, asking questions that surface hidden assumptions. Scope: implements within an existing design.","Depth: Designs a component within an established architecture, writing a short design note that names the alternatives considered, and spots when a change fights the existing structure. Scope: one component's internal design.","Depth: Selects patterns by trade-off in design docs that name alternatives, failure modes, and evolution paths - designs multi-tenant platform services for isolation, quota, and noisy-neighbor behavior, and catches coupling and scaling problems in others' designs before build. Scope: owns architecture for a capability and runs its design reviews.","Depth: Drives designs that cut across several teams' systems - shared control planes, tenancy models, extension points - and gets them agreed in writing. Scope: architecture spanning multiple teams' services.","Depth: Sets the architectural direction the platform organization builds against and removes the systemic obstacles - legacy coupling, ownership gaps - that block it. Scope: organization-wide platform architecture.",Depth: Makes the company's foundational architecture bets - the small number of structural decisions everything else assumes - and answers for the ones that fail. Scope: company architecture.
skill,Platform Software Engineering,Design & Architecture,API & interface design,SWE-07,Depth: Uses the platform's APIs correctly from documentation alone and files precise reports where docs and behavior diverge; small additions match naming and error conventions without being told. Scope: consumes and extends interfaces on assigned tasks.,"Depth: Extends a component's interface without breaking consumers - additive changes, correct versioning, honest error messages - and writes contract tests for the behavior promised. Scope: one component's public surface.","Depth: Designs a capability's interface as a long-lived product contract - consistent naming, misuse-resistant defaults, explicit versioning and compatibility guarantees, errors a user can act on without reading source - and treats a breaking change to users as an incident. Reviews proposed interfaces for what users will accidentally depend on. Scope: the contract surface of a capability and its review bar.","Depth: Aligns interface conventions across several teams' APIs so the platform feels like one product, and adjudicates breaking-change disputes between producers and consumers. Scope: interface consistency across multiple teams.","Depth: Owns the organization's interface standards - versioning policy, deprecation windows, compatibility rules - and the review mechanism that enforces them without bottlenecking teams. Scope: organization-wide interface governance.","Depth: Sets the company's contract with its developers - which guarantees the company makes, for how long, to whom - and the fundamental interfaces carry their design signature for years. Scope: company-level contracts."
skill,Platform Software Engineering,Code Craft & Quality,Coding & implementation,SWE-02,"Depth: Ships small, working changes that follow the codebase's conventions and pass review with minor feedback - readable diffs, honest naming - and responds to review by fixing the class of problem, not just the instance. Scope: task-sized changes with guidance.","Depth: Ships production-quality code independently - handles error paths, concurrency, and upgrade safety in platform code other teams depend on - and leaves code measurably better in the course of feature work without being asked. Scope: the components they own.","Depth: Writes the code others study to learn how it is done here - reference implementations, hardened shared libraries, tricky migration code - and holds the quality bar for a capability, judging when good-enough is correct and saying so. Scope: a capability's codebase, including its shared libraries.","Depth: Raises the code-health baseline across teams - shared linting, library patterns, exemplar code others copy - measured by falling defect and review-cycle trends, and personally unblocks the hardest technical problems wherever they sit. Scope: multiple teams' codebases.","Depth: Defines what code quality means for the organization - the standards, tooling, and paved-road defaults that make the good way the easy way - and shows the results in delivery data. Scope: organization-wide engineering quality.","Depth: Holds the company's long-horizon code health against short-term pressure, publicly making the economic case for maintenance investment, and still writes code in the highest-leverage places. Scope: company code health."
skill,Platform Software Engineering,Code Craft & Quality,Code review,SWE-04,Depth: Reviews peers' changes for readability and test coverage and asks genuine questions; responds to feedback on their own changes without defensiveness. Scope: changes within their team.,"Depth: Gives reviews that catch real defects - correctness, error handling, compatibility - in actionable, kind comments, and distinguishes blocking issues from preferences explicitly. Scope: their component and its neighbors.","Depth: Reviews for systemic risk, not just correctness - catches designs-in-disguise, breaking changes to platform users, and operational hazards - and their comments teach the principle behind the correction; engineers seek their review by choice. Scope: review authority across a capability.","Depth: Calibrates review culture across teams - sets what blocks a merge platform-wide, coaches reviewers, and steps into contentious reviews as the tiebreaker whose reasoning both sides accept. Scope: multiple teams' review culture.","Depth: Designs the organization's quality gates - decides where human review, automation, and ownership boundaries sit so review load scales with the organization. Scope: organization.","Depth: Reviews the changes that change the company - the riskiest cross-cutting designs and migrations route to them by reputation, and their judgment is treated as the final technical check. Scope: company."
skill,Platform Software Engineering,Code Craft & Quality,Testing & verification,SWE-03,"Depth: Writes unit tests that pin the behavior of their change, including the failure path, and runs the affected suite before requesting review; reproduces a bug with a failing test before fixing it. Scope: tests for their own tasks.","Depth: Balances unit, integration, and end-to-end coverage for their component and fixes flaky tests instead of retrying them, keeping the suite fast and trustworthy. Scope: one component's test strategy.","Depth: Designs the verification strategy for a capability - contract tests on its API, upgrade and rollback tests, failure injection where users would feel it - and blocks releases the strategy does not cover, deleting low-value tests as readily as adding good ones. Scope: a capability's release confidence.","Depth: Builds test infrastructure several teams rely on - shared harnesses, ephemeral environments, contract-test brokers - and drives down cross-team integration escapes and flake rates. Scope: verification across multiple teams.","Depth: Sets the organization's testing standards and invests where escaped defects cluster, visible in trend lines leadership reviews. Scope: organization-wide verification practice.","Depth: Frames verification as company risk management, deciding where the company buys confidence with testing versus operational safeguards. Scope: company risk posture."
skill,Platform Software Engineering,Delivery Automation,Delivery automation & CI/CD,OPS-02,"Depth: Ships through the pipeline correctly - green builds, small batches - and reads pipeline failures to their cause before asking for help. Scope: their own changes.","Depth: Owns their component's pipeline - faster feedback, deterministic builds, automated rollback - and treats a red main branch as the team's top interrupt. Scope: one component's delivery path.","Depth: Designs CI/CD as a product for a capability's users - reusable pipeline templates, progressive delivery with canaries and feature flags, automated rollback triggers - so risky changes ship safely by default, and tracks its DORA metrics as product metrics. Scope: the delivery system for a capability and its users.","Depth: Builds delivery infrastructure multiple teams ship through and improves their aggregate lead time and change-failure rate, with the before/after measured. Scope: delivery across multiple teams.","Depth: Owns the organization's delivery architecture - pipeline standards, environment strategy, release policy - and the metrics program that shows it working. Scope: organization-wide delivery performance.","Depth: Sets company delivery strategy - the company's tolerance for speed versus control, and the investments that move both. Scope: company-wide delivery."
skill,Platform Software Engineering,Delivery Automation,Deprecation & migration management,OPS-30,Depth: Executes migration and release steps from a runbook accurately and reports blockers with reproduction detail. Scope: assigned migration tasks and individual releases.,"Depth: Migrates their component's consumers off an old interface - versioned releases, working codemods or clear guides, targeted notices, stragglers tracked to zero - with rollback paths they have actually exercised. Scope: one component's releases and migrations.","Depth: Plans and runs a capability-level deprecation as a managed migration - usage census, automated tooling for the common case, published timelines with dual-support windows, staged shutoffs with real dates, and support for the hard cases - landing it without surprise breakage or executive escalation. Scope: a capability's lifecycle end to end.","Depth: Coordinates migrations that cross team boundaries - sequencing dependencies, building shared tooling, keeping a public burn-down - so no team is stranded. Scope: multi-team migrations.","Depth: Sets the organization's deprecation policy - support windows, migration funding rules, sunset criteria - so retirement is routine rather than heroic, and drives org-scale migrations to completion. Scope: organization-wide lifecycle management.","Depth: Sets the company's compatibility promise - how long things stay supported, what stability means, and when the company breaks its own users - and drives company-scale technology transitions with multi-year plans that survive reorgs. Scope: company technology lifecycle."
skill,Infrastructure & Cloud,Cloud & Compute,Cloud architecture,OPS-01,"Depth: Provisions and modifies cloud resources from documented patterns, explaining what each resource in their change is for and checking cost implications before creating it. Scope: task-level resources in an existing account structure.","Depth: Designs the cloud footprint for a component - networking, storage, compute choices - with a written note on cost and failure-mode trade-offs. Scope: one component's infrastructure.","Depth: Architects a capability's infrastructure for the failure domains that matter - zones, regions, quotas, tenancy isolation, dependencies - and defends the design in review against well-architected-style criteria, including cost. Catches single points of failure and blast-radius problems in others' designs. Scope: a capability's cloud architecture.","Depth: Designs shared infrastructure patterns - landing zones, network topology, account strategy - that multiple teams inherit rather than reinvent. Scope: infrastructure spanning multiple teams.","Depth: Sets the organization's cloud strategy - provider posture, region strategy, cost governance - and reviews major designs against it, owning the trade-offs in front of finance and vendors. Scope: organization-wide cloud estate.","Depth: Owns company-level infrastructure bets - multi-cloud versus single, build versus buy at the platform layer, decade-scale commitments - and negotiates the vendor relationships behind them. Scope: company infrastructure strategy."
skill,Infrastructure & Cloud,Cloud & Compute,Container orchestration & runtime,OPS-14,"Depth: Deploys and debugs workloads on the orchestrator with guidance - reads events, logs, and resource limits to explain why a workload is not running. Scope: task-level workloads.","Depth: Owns their component's runtime configuration - requests and limits, probes, disruption budgets, autoscaling - and tunes it from observed behavior. Scope: one component's runtime.","Depth: Designs and operates cluster-level platform machinery - operators and controllers, admission rules, tenancy and isolation boundaries, upgrade strategies - and debugs the control plane itself when abstractions leak. Scope: the runtime backing a capability and its tenants.","Depth: Sets workload standards multiple teams schedule against - cluster topology, upgrade cadence, multi-tenancy rules - and runs orchestrator upgrades without user-visible disruption. Scope: shared clusters across multiple teams.","Depth: Owns the organization's runtime strategy - cluster fleet architecture, workload placement policy, the abstraction level exposed over raw orchestration. Scope: organization-wide runtime estate.","Depth: Decides company-level runtime direction - when to adopt, skip, or exit a foundational compute technology - with published reasoning others cite. Scope: company compute strategy."
skill,Infrastructure & Cloud,Cloud & Compute,Networking & compute foundations,OPS-19,"Depth: Traces a request through DNS, load balancer, and service to locate a failure, narrating the path as they go. Scope: single-workload troubleshooting.","Depth: Configures the networking and compute for their component - routing, transport security, capacity class - and explains each choice. Scope: one component's foundations.","Depth: Designs network and compute topology for a capability - segmentation, ingress and egress, cross-region traffic - and debugs the problems that cross abstraction layers. Scope: a capability's foundation layer.",Depth: Owns shared foundations several teams depend on and leads the gnarliest cross-layer incident investigations. Scope: multi-team shared infrastructure.,Depth: Sets organization standards for network architecture and compute platforms and drives the consolidation migrations they imply. Scope: organization.,"Depth: Owns company-scale foundation decisions - backbone, edge, data-center and cloud boundary - with a written multi-year plan. Scope: company."
skill,Infrastructure & Cloud,Automation & Self-Service,Infrastructure as code,OPS-10,"Depth: Makes changes through the IaC workflow rather than the console, reading plans and diffs to predict what will change before applying. Scope: task-level changes in existing modules.","Depth: Writes reusable, parameterized modules for their component with sensible defaults and validation, and untangles state problems - drift, imports - safely. Scope: one component's infrastructure code.","Depth: Designs the IaC architecture for a capability - module boundaries, state topology, environment promotion, policy checks in the pipeline - so console drift is the exception that pages someone. Reviews others' infrastructure code for blast radius and reversibility. Scope: a capability's infrastructure codebase.","Depth: Publishes module libraries and IaC conventions multiple teams build on, and runs breaking upgrades of shared modules without stranding consumers. Scope: shared infrastructure code across multiple teams.","Depth: Sets the organization's IaC standards - tooling, structure, testing, drift policy - and retires the exceptions and legacy hand-managed estates. Scope: organization-wide infrastructure codebase.","Depth: Treats the company's infrastructure definition as a strategic asset - portability, auditability, disaster recovery - and directs investment accordingly. Scope: company infrastructure posture."
skill,Infrastructure & Cloud,Automation & Self-Service,Self-service provisioning,OPS-27,"Depth: Uses the self-service tooling as users do and documents the gaps that forced manual steps - doc corrections, template fixes, clearer prompts. Scope: individual requests.","Depth: Automates a manual provisioning flow for their component into a self-service action with validation and sane defaults, and measures the tickets it eliminates. Scope: one component's provisioning.","Depth: Designs self-service for a capability end to end - request, policy checks, provisioning, and day-2 operations like resize and teardown - with guardrails so self-service cannot create unsafe states, driving the ticket queue toward zero and time-to-provision down. Scope: a capability's full self-service lifecycle.","Depth: Unifies self-service across teams behind one coherent interface - portal, CLI, or API - with a consistent request-to-ready experience, and holds the bar that new platform features ship self-service by default. Scope: self-service spanning multiple teams' offerings.","Depth: Drives the organization to a self-service operating model, reporting ticket-elimination and time-to-ready trends to leadership. Scope: organization-wide provisioning experience.","Depth: Makes self-service the company's default operating model for infrastructure, with manual provisioning reduced to signed-off exceptions. Scope: company operating model."
skill,Reliability & Operations,Observability & Service Levels,Observability & instrumentation,OPS-05,"Depth: Reads existing dashboards, logs, and traces to locate a fault, and adds log lines and metrics to their own changes as a matter of course. Scope: debugging their own tasks.","Depth: Instruments their component so strangers can debug it - structured events, useful trace spans, dashboards tied to user symptoms - answering 'what changed and who is affected' without adding code. Scope: one component's telemetry.","Depth: Designs the observability offering for a capability - cardinality and cost trade-offs, sampling, correlation across services, out-of-the-box dashboards users get without configuration - and debugs novel production questions from telemetry alone. Makes platform telemetry consumable by users debugging their own workloads. Scope: a capability's observability, including its user-facing telemetry.","Depth: Builds observability infrastructure multiple teams instrument against - shared pipelines, conventions, cost governance - and raises the floor of what every team can see. Scope: telemetry across multiple teams.","Depth: Sets the organization's observability strategy and standards, retiring tool sprawl, owning the cost curve, and making cross-system debugging routine. Scope: organization-wide observability.",Depth: Frames observability as company capability - what the business can and cannot see about its own operation - and directs investment at the blind spots with the largest risk. Scope: company-level visibility.
skill,Reliability & Operations,Observability & Service Levels,SLOs & error budgets,OPS-04,"Depth: Explains their service's SLOs and reads burn-rate dashboards correctly, escalating when budget burn is abnormal and responding to alerts on their own work by the runbook. Scope: awareness on the services they touch.","Depth: Defines SLIs that reflect user experience for their component - alert thresholds tied to symptoms rather than causes, runbooks a first-time responder can execute - and prunes noisy alerts. Scope: one component's service levels.","Depth: Negotiates SLOs for a capability with its internal customers, sets error-budget policy, wires budgets into release decisions, and visibly changes priorities when the budget is exhausted - feature work stops, reliability work starts. Audits alert quality so pages are actionable and rare. Scope: a capability's reliability contract.",Depth: Aligns SLOs across dependent services so promises compose - no service promising more than its dependencies allow - and arbitrates budget disputes between teams. Scope: reliability contracts across multiple teams.,"Depth: Owns the organization's SLO framework and review cadence, making error budgets the shared currency of reliability decisions in planning. Scope: organization-wide reliability governance.","Depth: Sets company reliability targets against business risk and cost, deciding where the company deliberately buys less than five nines. Scope: company reliability posture."
skill,Reliability & Operations,Incident Management,Incident response,OPS-06,"Depth: Executes runbook steps accurately during incidents under supervision - joins the channel, keeps a timeline, and speaks up when reality diverges from the runbook. Scope: assisting on incidents touching their tasks.","Depth: Serves as primary on-call for their component - triages, mitigates first, communicates status on a cadence, and escalates with a clear handoff when out of depth. Scope: one component's rotation.","Depth: Commands complex multi-team incidents - structures the response, delegates workstreams, makes mitigation calls under uncertainty, and runs the user-facing communications; responders describe the room getting calmer when they join. Scope: incidents spanning a capability and its dependent teams.","Depth: Designs the incident-management system itself - severity schemes, escalation paths, tooling, and on-call health across teams - and steps in as commander for the worst cases. Scope: multiple teams' response system.",Depth: Owns the organization's major-incident readiness - drives cross-org drills and game days and is the technical authority leadership expects on the bridge in a crisis. Scope: organization.,"Depth: Leads the company's existential incidents and the reforms after them - the response to company-threatening events, and the structural changes that follow, are theirs to drive. Scope: company."
skill,Reliability & Operations,Incident Management,Learning from incidents,OPS-06,Depth: Contributes accurate timelines and observations to incident reviews and completes the follow-up actions assigned to them on time. Scope: incidents they took part in.,"Depth: Writes blameless postmortems for their component's incidents - timelines, contributing factors beyond the trigger, and actions that get done rather than logged. Scope: one component.","Depth: Facilitates incident reviews others attend voluntarily - surfaces systemic and organizational contributors, extracts themes across incidents, and converts them into platform work that measurably reduces repeats. Scope: a capability's incident record.","Depth: Builds the learning system across teams - review standards, cross-team pattern analysis, the feedback loop from incidents into roadmaps - and spots the org-level pattern behind separate teams' incidents. Scope: multiple teams.",Depth: Drives org-level resilience investment from incident evidence - the organization's biggest reliability bets cite analysis they produced. Scope: organization.,"Depth: Shapes the company's safety culture - how the company talks about failure, and what it changes after failure, reflects norms they set. Scope: company."
skill,Reliability & Operations,Operational Excellence,"Capacity, performance & cost",OPS-07,"Depth: Reads utilization and saturation dashboards correctly and flags approaching limits with evidence, checking the resource impact of their own changes before merge. Scope: resources their tasks touch.","Depth: Load-tests their component and sizes it from measured headroom rather than guesswork, profiling the hot path before optimizing and tracking its spend. Scope: one component's capacity and performance.","Depth: Owns capacity planning for a capability - forecasts demand ahead of organic and launch-driven growth, sets headroom policy, manages tenant quotas so one user cannot starve the rest, and keeps cost-per-tenant visible so demand self-corrects. Catches the scaling cliff before users hit it. Scope: a capability's capacity, performance, and spend.","Depth: Runs capacity planning across shared pools that multiple teams draw from, arbitrating contention with data and driving the efficiency work with the largest aggregate payoff. Scope: shared capacity across multiple teams.","Depth: Owns the organization's capacity and efficiency program - forecasting discipline, unit economics, commitment strategy with providers - with a forecast finance trusts. Scope: organization-wide capacity and cost.","Depth: Treats infrastructure economics as company strategy - negotiating commitments, setting efficiency targets, deciding when scale justifies structural change. Scope: company infrastructure economics."
skill,Reliability & Operations,Operational Excellence,Toil reduction & automation,OPS-28,"Depth: Executes operational runbooks accurately and improves the runbook when a step is wrong or missing, scripting away repetitive steps in their own work and sharing the script. Scope: assigned operational tasks.","Depth: Automates the recurring manual work in their component - scripted, scheduled, or eliminated - and shows the hours reclaimed. Scope: one component's operational load.","Depth: Measures toil for a capability and holds it under an explicit budget, designing the operational work out - self-healing, auto-remediation, removing the need entirely - rather than scripting it faster. Scope: a capability's operational model.","Depth: Builds automation multiple teams reuse for their operational work and drives down the organization's aggregate on-call load, with the trend visible. Scope: operational load across multiple teams.","Depth: Sets the organization's toil policy - measurement, budgets, and the planning rule that reclaims time for engineering work. Scope: organization-wide operational efficiency.",Depth: Makes operational leverage a company-level argument - headcount that scales sublinearly with growth - and directs automation investment accordingly. Scope: company operational economics.
skill,Security & Compliance,Secure by Default,Guardrails & policy as code,SEC-18,"Depth: Works within existing guardrails and reads policy failures to their cause instead of asking for exemptions, and explains what each guardrail protects against. Scope: their own changes.","Depth: Writes and tests policy rules for their component - admission checks, pipeline gates - with low false-positive rates and violation messages that say how to fix the problem. Scope: one component's policy surface.","Depth: Designs the guardrail architecture for a capability - what is blocked, warned, or audited, with documented threat reasoning - and tunes it so the safe path is the fast path, measured by exemption-request rates falling; runs the exception workflow without becoming the bottleneck. Scope: a capability's preventive controls.","Depth: Harmonizes policy across teams into a coherent, versioned policy library with a real exception process - time-boxed, owned, reviewed - and adjudicates the security-versus-velocity disputes teams escalate. Scope: guardrails spanning multiple teams.","Depth: Owns the organization's guardrail strategy with security partners - the control catalog, its coverage, and the evidence it works, moving security from review-time to platform-time. Scope: organization-wide preventive posture.","Depth: Sets the company's balance of enablement and control, accountable for guardrails that hold under audit and under attack without strangling delivery. Scope: company control posture."
skill,Security & Compliance,Secure by Default,"Identity, secrets & access",SEC-01,"Depth: Requests and uses credentials through the sanctioned workflow, never hard-codes a secret, and reports exposed credentials immediately - and spots one in review. Scope: their own access hygiene.","Depth: Configures workload identity, scoped roles, and secret rotation for their component, removing standing permissions it no longer needs. Scope: one component's identity surface.","Depth: Designs the identity model for a capability - workload identity, short-lived credentials, least-privilege role structure, break-glass with audit - and reviews access designs for privilege-escalation paths before they ship. Scope: a capability's identity and secrets architecture.","Depth: Builds identity infrastructure multiple teams authenticate through, and runs credential-model migrations - long-lived to short-lived, shared to workload identity - without breaking users. Scope: identity across multiple teams.","Depth: Owns the organization's identity architecture and its zero-trust roadmap, retiring standing privilege and shared secrets as measurable programs. Scope: organization-wide identity.","Depth: Sets company identity strategy across employee, workload, and customer boundaries, and represents it to auditors, partners, and executives. Scope: company identity posture."
skill,Security & Compliance,Supply Chain & Assurance,Software supply chain security,SEC-09,"Depth: Keeps dependencies current on their tasks and acts on vulnerability-scanner findings with guidance, distinguishing exploitable from noise with help. Scope: dependencies in their own changes.","Depth: Maintains their component's supply-chain hygiene - pinning, update cadence, accurate software inventories, signed artifacts - and remediates vulnerabilities within the team's SLA. Scope: one component's supply chain.","Depth: Designs a capability's pipeline to a stated supply-chain integrity level - provenance generation, signed artifacts, isolated builds, admission verification - and can show the attestation chain for any production artifact; leads the response when a dependency compromise hits. Scope: a capability's build-to-deploy integrity.",Depth: Builds supply-chain controls into the shared pipeline so every team inherits provenance and scanning by default. Scope: supply-chain posture across multiple teams.,"Depth: Owns the organization's supply-chain security program - target levels, coverage, exception burn-down - reported against a public roadmap. Scope: organization-wide supply chain.","Depth: Sets company supply-chain policy including third-party and vendor software, and answers for it to customers and regulators. Scope: company supply-chain posture."
skill,Security & Compliance,Supply Chain & Assurance,Compliance & audit readiness,OPS-09,"Depth: Follows the platform's compliance procedures accurately - change records, access reviews - and asks why a control exists rather than routing around it. Scope: their own work's compliance hygiene.","Depth: Automates evidence collection for their component's controls so audit requests are answered from systems, not screenshots. Scope: one component's control evidence.",Depth: Maps a capability's controls to the frameworks the company answers to and designs them to be inherited - teams building on the capability get the control satisfied by default - and walks auditors through the design credibly. Scope: a capability's compliance surface.,"Depth: Rationalizes overlapping control implementations across teams into shared, platform-enforced controls, cutting per-team audit effort measurably. Scope: compliance across multiple teams.","Depth: Owns the organization's compliance-as-code strategy with legal and security partners - which frameworks, which inherited controls, what the audit story is. Scope: organization-wide compliance architecture.","Depth: Shapes company posture on regulatory strategy where infrastructure is implicated - data residency, certifications worth pursuing - as an input to market decisions. Scope: company regulatory posture."
skill,Communication & Collaboration,Knowledge & Documentation,Technical documentation,DR-05,"Depth: Fixes documentation errors they hit instead of working around them, and writes accurate task-level notes others can follow. Scope: docs for their own tasks.","Depth: Keeps their component's docs shippable - a quickstart that works, reference that matches behavior - and treats doc bugs from users as real bugs. Scope: one component's documentation.","Depth: Designs a capability's documentation as part of the product - tutorial, how-to, reference, and explanation each doing their distinct job - instrumented for where readers fail, with recurring support questions treated as doc defects to fix at the source. Scope: a capability's doc set and information architecture.","Depth: Sets documentation conventions multiple teams follow and builds the docs infrastructure - templates, testable examples, freshness checks - that keeps them true. Scope: documentation across multiple teams.","Depth: Owns the organization's developer-facing knowledge strategy, making docs quality a reviewed, measured property of every platform launch. Scope: organization-wide platform documentation.","Depth: Writes the canonical company documents - architecture primers, technology strategy - that onboard leaders and engineers alike for years. Scope: company-level canon."
skill,Communication & Collaboration,Knowledge & Documentation,Design communication & decision records,CC-01,"Depth: Writes clear tickets, PR descriptions, and status updates that need no follow-up questions, and asks questions in review that improve their understanding. Scope: their own changes and task communication.","Depth: Writes short design docs that state the problem, options, and recommendation, readable by a non-expert teammate, and records the decision so others can revisit it. Scope: component decisions.","Depth: Writes design docs that make complex trade-offs decidable by non-experts - alternatives honestly weighed, decision record kept - tailoring the same content for engineers, users, and leaders, and runs technical discussions that converge instead of circling. Scope: capability-level decisions.","Depth: Writes the cross-team proposals that settle contested technical questions, absorbing objections into the doc rather than the hallway, so decisions are made once and stick. Scope: technical discourse across multiple teams.","Depth: Sets the organization's bar for decision writing - templates, norms, decision records, review forums - and models it in documents others circulate as examples. Scope: organization-wide technical communication.",Depth: Communicates deep technical trade-offs to executives in the language of business risk without losing correctness - company technical direction in writing both audiences act on. Scope: company-level technical communication.
skill,Communication & Collaboration,Enablement & Stakeholders,Platform advocacy & enablement,DR-01,"Depth: Answers user questions in support channels accurately or routes them fast, and demos their own work clearly to the team. Scope: individual users' questions.","Depth: Runs enablement for their component - demos, office hours, onboarding sessions, launch notes users actually read - and turns repeated questions into docs or fixes. Scope: one component's user community.","Depth: Drives adoption of a capability through evangelism rather than mandate - launch communications, migration workshops, early-adopter partnerships, champion networks inside customer teams - converting skeptical teams with working proof, not slideware; adoption curves move when they run a campaign. Scope: a capability's internal market.","Depth: Builds the enablement machinery platform teams share - champions programs, internal conferences, onboarding curricula, launch playbooks - that outlive any one campaign. Scope: advocacy infrastructure across multiple teams.","Depth: Owns the platform's internal brand and narrative - leaders and engineers describe what the platform is for in the platform team's own words, and internal satisfaction signals show it. Scope: organization-wide platform narrative.","Depth: Represents the company's engineering platform externally - talks, publications, community leadership - in ways that visibly aid hiring and credibility; inside, their voice moves executive opinion. Scope: company reputation and industry."
skill,Communication & Collaboration,Enablement & Stakeholders,Stakeholder management,PM-13,Depth: Communicates status honestly and early - especially bad news - and asks stakeholders clarifying questions before building. Scope: their own tasks' stakeholders.,"Depth: Manages expectations for their component with its consuming teams - what is supported, what is coming, what will not happen - in writing, closing the loop on every commitment made. Scope: one component's consumers.","Depth: Runs the stakeholder relationships for a capability - chooses and names the interaction mode for each relationship, renegotiates it when it stops fitting, and has the hard conversations about what the platform will not do; escalations from their stakeholders are rare and non-surprising. Scope: a capability's customer and leadership stakeholders.","Depth: Aligns competing demands from multiple teams into a roadmap each can live with, making the trade-offs and losers explicit rather than hidden, and steps into the conversations where trust between platform and a customer team has broken. Scope: stakeholders across multiple teams.","Depth: Manages the platform's relationship with organization leadership - funding cases, expectation setting, honest reporting when bets miss. Scope: organization-level stakeholders.","Depth: Operates at executive level as the technical counterpart on company decisions that touch the platform - vendor deals, diligence, board-visible commitments. Scope: company-level stakeholders."
skill,Communication & Collaboration,Enablement & Stakeholders,Cross-team collaboration,CC-03,"Depth: Works in the open - asks questions in public channels, asks for help before being stuck a full day, shares progress and blockers early, and follows through on commitments to teammates. Scope: within their team.","Depth: Partners directly with the teams that consume their component - joins their planning when changes affect them, embeds with a consuming team when needed, and brings what they learn back as platform improvements. Scope: neighboring teams.","Depth: Builds the working relationships a capability depends on - negotiates interfaces and timelines with dependent teams, resolves cross-team disagreements by finding the shared goal and proposing options rather than positions - and is who other teams request by name. Scope: the web of teams around a capability.","Depth: Creates the collaboration structures that let teams decide without escalation - working groups, RFC forums, decision venues where cross-team platform issues actually get settled. Scope: multiple teams.","Depth: Brokers alignment between organizations - platform, product, security, and finance leaders act on shared plans they assembled - and repairs broken inter-team relationships in the organization's most visible forums. Scope: across org boundaries.",Depth: Aligns the company's technical factions - the durable settlements between competing technical camps carry their fingerprints. Scope: company.
skill,Execution & Leadership,Delivery & Planning,Planning & estimation,PD-04,"Depth: Breaks an assigned task into steps, estimates them honestly, and flags slippage as soon as it is visible rather than at the deadline. Scope: their own task plans.","Depth: Plans component-level work in increments that ship value early - milestones, dependencies, a definition of done - and re-plans openly when discovery changes the picture; their estimates are trusted inputs to team commitments. Scope: one component's plan.","Depth: Plans a capability across quarters with explicit risk buffers - sequencing platform work against customer-team launch dates, reserving capacity for interrupts - and their dates are ones other teams schedule against; replans visibly when assumptions break. Scope: a capability's roadmap execution.","Depth: Builds plans that coordinate multiple teams' streams - dependencies mapped, integration points dated, slack placed where risk is - and keeps them credible through change. Scope: multi-team programs.","Depth: Runs the organization's platform planning cycle, reconciling bottom-up team plans with top-down strategy into commitments leadership can rely on. Scope: organization-wide planning.",Depth: Plans in company horizons - multi-year technical programs whose sequencing survives reorgs and leadership changes. Scope: company planning horizon.
skill,Execution & Leadership,Delivery & Planning,Prioritization & trade-off judgment,PD-02,Depth: Works their queue in the agreed order and raises it explicitly when a new ask conflicts with committed work rather than silently absorbing it. Scope: their own queue.,"Depth: Orders their component's backlog by user impact and cost of delay, defending the ordering when challenged and saying no with a reason and an alternative. Scope: one component's backlog.","Depth: Sequences a capability's investment across feature work, reliability, migrations, and toil paydown using explicit cost-of-delay reasoning - cuts scope deliberately under pressure, publishes the not-doing list, and says no in writing with the reasoning attached. Scope: a capability's investment mix.","Depth: Arbitrates priority across teams competing for shared platform capacity, making the economic trade-offs visible so decisions survive the meeting. Scope: prioritization across multiple teams.",Depth: Sets the organization's platform investment allocation - run versus grow versus transform - rebalancing it on evidence and killing zombie projects. Scope: organization-wide investment.,"Depth: Advises company leadership on technology sequencing - what to do now, next, never - with reasoning that holds up years later. Scope: company sequencing."
skill,Execution & Leadership,Growth & Direction,Mentorship & knowledge sharing,LI-01,Depth: Asks for help effectively - showing what they tried - and passes on what they learn in docs and team channels where the next new person will find it. Scope: their own learning loop.,"Depth: Onboards new teammates with pairing and honest context, and gives specific, kind feedback in reviews that juniors visibly act on. Scope: individuals on their team.","Depth: Mentors engineers deliberately - stretch work matched to growth edges, questions before answers, honest feedback delivered kindly - and mentees' independence visibly increases; teaches internal users to self-serve rather than doing it for them, and runs the forums where knowledge crosses the team. Scope: engineers on their team and among their capability's users.","Depth: Grows senior engineers across teams toward staff scope - sponsoring visible work, delegating real ownership with backup, coaching design judgment - and is named in others' promotion cases as a reason. Scope: engineers across multiple teams.","Depth: Builds the organization's technical talent systems - mentoring structures, promotion calibration input, senior hiring bar - that develop engineers at scale. Scope: organization-wide talent development.",Depth: Develops the company's next generation of principal-level technical leaders and shapes the culture they inherit. Scope: company technical leadership pipeline.
skill,Execution & Leadership,Growth & Direction,Technical direction & influence,LI-03,"Depth: Forms and voices technical opinions in team discussions, connecting their tasks to the team's direction, and changes their mind visibly when shown better evidence. Scope: their team's decisions.","Depth: Proposes direction within their component - a refactor worth doing, a technology worth adopting - with a written case that weighs alternatives, and sees it through decision to done. Scope: one component's direction.","Depth: Sets technical direction for a capability - a written strategy naming the diagnosis, the bet, and what is deliberately not being done, decided through proposals that gather real dissent - revisiting it on evidence rather than sunk cost, and disagreeing-and-committing out loud when overruled. Scope: a capability's technical strategy.","Depth: Aligns multiple teams behind a shared technical direction without authority over them - the written proposal, the roadshow, the coalition, the early wins that make it real. Scope: direction across multiple teams.","Depth: Writes the organization's technical strategy and makes it operational - reflected in funding, staffing, and what teams say no to; teams cite it in their own planning. Scope: organization-wide technical strategy.",Depth: Sets company-level technical direction - the few bets that define engineering for years - and is accountable for their outcome. Scope: company technical strategy.
